,O*NET-SOC Code,Title,Idea Generation and Reasoning Abilities,Critical Thinking,Active Learning,Complex Problem Solving,Information and Data Processing,Reasoning and Decision Making,Innovation,Analytical Thinking
0,11-1011.00,Chief Executives,4.57,4.75,4.75,5.0,5.37,5.28,4.27,4.45
1,11-1011.03,Chief Sustainability Officers,4.05,4.12,3.88,4.12,4.58,5.43,4.48,4.52
2,11-1021.00,General and Operations Managers,3.47,4.0,3.62,3.75,4.07,4.32,3.65,4.03
3,11-2011.00,Advertising and Promotions Managers,4.0,4.12,4.12,3.88,3.47,4.49,3.99,3.88
4,11-2021.00,Marketing Managers,3.93,4.25,4.12,3.88,3.51,4.65,4.15,4.0
5,11-2022.00,Sales Managers,3.84,4.0,3.88,3.88,4.03,5.07,4.13,4.14
6,11-3012.00,Administrative Services Managers,3.36,3.88,3.38,3.12,3.97,4.63,3.85,4.04
7,11-3021.00,Computer and Information Systems Managers,3.77,4.0,3.88,3.88,4.88,5.15,3.7,4.25
8,11-3031.00,Financial Managers,3.84,4.0,4.0,3.5,4.01,4.41,3.33,3.87
9,11-3031.01,Treasurers and Controllers,4.07,4.75,4.25,4.38,5.14,5.25,3.71,4.62
10,11-3031.03,Investment Fund Managers,3.93,4.0,3.88,3.88,5.17,4.58,3.35,4.79
11,11-3051.00,Industrial Production Managers,4.02,4.0,4.0,3.88,3.74,4.39,3.75,4.09
12,11-3051.01,Quality Control Systems Managers,3.65,4.12,4.0,4.0,4.81,4.62,3.84,4.64
13,11-3051.02,Geothermal Production Managers,3.61,3.88,3.25,3.62,4.76,4.9,4.35,4.41
14,11-3051.03,Biofuels Production Managers,3.63,3.88,3.62,3.75,4.41,4.53,4.06,4.29
15,11-3051.04,Biomass Power Plant Managers,3.8,4.0,3.38,3.75,4.57,4.91,3.51,4.08
16,11-3051.06,Hydroelectric Production Managers,3.71,4.0,3.62,3.75,4.32,4.74,3.68,4.19
17,11-3061.00,Purchasing Managers,3.84,4.0,3.88,3.25,4.21,4.61,3.67,4.29
18,11-3071.00,"Transportation, Storage, and Distribution Managers",3.67,4.08,3.66,3.5,4.3,4.66,3.74,4.07
19,11-3071.04,Supply Chain Managers,3.68,4.0,3.75,4.0,4.29,4.99,3.9,4.33
20,11-3111.00,Compensation and Benefits Managers,3.23,4.0,3.75,3.25,4.82,4.62,3.62,4.57
21,11-3121.00,Human Resources Managers,3.88,4.12,4.0,3.75,4.87,5.05,3.58,4.12
22,11-3131.00,Training and Development Managers,3.96,4.0,4.25,4.0,4.39,4.96,3.67,3.89
23,11-9013.00,"Farmers, Ranchers, and Other Agricultural Managers",3.59,3.87,3.42,3.25,3.79,4.61,3.98,3.98
24,11-9021.00,Construction Managers,3.77,4.12,3.88,4.0,4.72,5.01,3.3,3.9
25,11-9031.00,"Education and Childcare Administrators, Preschool and Daycare",3.69,4.0,3.88,3.5,3.46,4.33,3.97,3.56
26,11-9032.00,"Education Administrators, Kindergarten through Secondary",4.11,4.38,4.12,4.25,4.63,5.06,4.17,4.38
27,11-9033.00,"Education Administrators, Postsecondary",3.93,4.25,4.0,4.0,4.84,5.11,3.97,4.18
28,11-9041.00,Architectural and Engineering Managers,4.07,4.25,3.88,4.25,4.82,5.05,4.09,4.76
29,11-9041.01,Biofuels/Biodiesel Technology and Product Development Managers,4.02,4.12,3.75,3.88,5.13,5.12,3.7,4.42
30,11-9051.00,Food Service Managers,3.23,3.75,3.75,3.0,2.53,2.63,3.59,3.64
31,11-9071.00,Gambling Managers,3.52,4.0,3.62,3.25,4.19,4.27,3.71,3.77
32,11-9081.00,Lodging Managers,3.45,3.88,3.88,3.25,3.49,4.37,4.09,4.52
33,11-9111.00,Medical and Health Services Managers,3.73,4.0,4.0,3.38,5.11,5.12,3.88,4.19
34,11-9121.00,Natural Sciences Managers,4.27,4.38,4.75,4.25,4.92,5.18,3.67,4.32
35,11-9121.01,Clinical Research Coordinators,3.63,4.0,4.0,3.62,4.25,4.15,3.69,3.95
36,11-9121.02,Water Resource Specialists,3.79,4.0,3.75,4.12,5.14,5.4,3.59,4.45
37,11-9131.00,Postmasters and Mail Superintendents,3.12,3.88,3.12,3.12,3.87,4.33,3.77,4.06
38,11-9141.00,"Property, Real Estate, and Community Association Managers",3.27,3.88,3.12,3.12,3.82,4.62,3.15,3.9
39,11-9151.00,Social and Community Service Managers,3.77,4.12,3.88,4.12,3.71,4.5,3.89,4.17
40,11-9161.00,Emergency Management Directors,4.14,4.38,4.38,5.25,4.28,5.45,3.76,4.28
41,11-9171.00,Funeral Home Managers,3.05,3.62,3.0,3.0,3.42,3.72,3.36,3.33
42,11-9179.01,Fitness and Wellness Coordinators,3.61,3.88,3.5,3.12,3.56,4.35,3.83,3.46
43,11-9179.02,Spa Managers,3.5,4.0,3.88,3.12,4.26,4.29,4.03,3.88
44,11-9199.01,Regulatory Affairs Managers,3.64,4.12,3.88,3.38,5.02,5.06,3.18,4.25
45,11-9199.02,Compliance Managers,3.79,4.25,3.88,3.5,5.03,4.84,3.67,4.06
46,11-9199.08,Loss Prevention Managers,3.57,4.0,3.75,3.88,4.33,4.58,3.36,3.95
47,11-9199.09,Wind Energy Operations Managers,3.66,4.0,3.62,3.75,4.38,4.92,3.49,4.04
48,11-9199.10,Wind Energy Development Managers,3.66,4.25,4.0,3.25,4.62,4.86,3.47,3.79
49,11-9199.11,Brownfield Redevelopment Specialists and Site Managers,4.18,4.25,3.88,4.12,4.53,4.87,3.5,4.36
50,13-1011.00,"Agents and Business Managers of Artists, Performers, and Athletes",3.45,3.75,3.5,3.38,2.48,4.61,3.65,3.41
51,13-1021.00,"Buyers and Purchasing Agents, Farm Products",3.18,3.75,3.12,3.0,4.07,4.3,3.08,4.27
52,13-1022.00,"Wholesale and Retail Buyers, Except Farm Products",3.45,4.0,3.88,3.12,3.27,3.91,3.58,3.83
53,13-1023.00,"Purchasing Agents, Except Wholesale, Retail, and Farm Products",3.54,3.88,3.88,3.88,4.34,4.34,3.43,4.39
54,13-1031.00,"Claims Adjusters, Examiners, and Investigators",3.33,4.0,3.31,3.06,4.52,3.99,3.68,4.29
55,13-1032.00,"Insurance Appraisers, Auto Damage",3.19,3.75,3.0,2.88,4.28,3.79,2.99,3.12
56,13-1041.00,Compliance Officers,3.34,3.88,3.0,3.0,4.25,3.72,3.34,4.23
57,13-1041.01,Environmental Compliance Inspectors,4.11,4.25,4.12,4.12,4.0,3.74,2.6,3.8
58,13-1041.03,Equal Opportunity Representatives and Officers,3.86,4.5,4.0,3.62,5.18,4.54,3.13,4.48
59,13-1041.04,Government Property Inspectors and Investigators,3.84,4.12,3.38,3.38,4.24,4.36,3.43,3.81
60,13-1041.06,Coroners,3.89,4.12,3.75,3.25,3.79,4.06,3.32,4.32
61,13-1041.07,Regulatory Affairs Specialists,3.75,4.25,3.88,3.88,4.64,4.53,3.25,4.0
62,13-1041.08,Customs Brokers,3.21,3.88,3.62,3.12,4.14,4.0,2.95,3.68
63,13-1051.00,Cost Estimators,3.7,4.25,3.88,3.62,4.57,4.55,3.59,4.73
64,13-1071.00,Human Resources Specialists,3.45,4.0,3.38,3.12,3.79,4.12,3.75,4.03
65,13-1074.00,Farm Labor Contractors,2.63,3.25,2.38,2.75,2.8,2.25,2.97,3.31
66,13-1075.00,Labor Relations Specialists,3.68,4.0,3.88,3.62,4.65,4.82,3.9,4.5
67,13-1081.00,Logisticians,3.96,4.12,3.5,3.88,4.24,4.79,3.62,4.25
68,13-1081.01,Logistics Engineers,4.07,4.25,3.88,4.0,5.07,5.05,3.7,4.6
69,13-1081.02,Logistics Analysts,3.88,4.12,3.75,4.0,4.67,4.58,3.27,4.43
70,13-1111.00,Management Analysts,3.89,4.12,3.75,4.0,5.44,5.57,4.31,4.81
71,13-1121.00,"Meeting, Convention, and Event Planners",3.63,3.88,3.12,3.5,3.76,4.61,4.07,3.81
72,13-1131.00,Fundraisers,3.66,4.0,3.5,3.25,4.22,4.88,3.38,3.62
73,13-1141.00,"Compensation, Benefits, and Job Analysis Specialists",3.61,4.0,3.62,3.75,4.64,4.55,3.71,4.62
74,13-1151.00,Training and Development Specialists,3.62,4.0,3.75,3.12,4.28,5.14,3.97,3.94
75,13-1161.00,Market Research Analysts and Marketing Specialists,3.93,4.0,4.0,3.75,4.92,5.12,3.83,4.96
76,13-1161.01,Search Marketing Strategists,3.74,3.88,3.88,4.12,4.13,4.73,4.0,4.74
77,13-1199.04,Business Continuity Planners,4.09,4.5,3.75,4.75,4.37,4.75,3.36,4.09
78,13-1199.05,Sustainability Specialists,3.61,4.0,3.38,3.62,4.6,5.0,4.0,4.23
79,13-1199.06,Online Merchants,3.23,3.88,3.12,3.0,3.91,4.09,3.82,3.92
80,13-2011.00,Accountants and Auditors,3.8,3.88,3.5,3.56,4.76,4.57,3.07,4.44
81,13-2023.00,Appraisers and Assessors of Real Estate,3.42,3.88,3.31,3.0,4.73,4.02,2.8,3.97
82,13-2031.00,Budget Analysts,3.57,3.88,3.38,3.5,4.47,3.86,3.02,4.59
83,13-2041.00,Credit Analysts,3.61,4.0,3.62,3.0,4.47,3.58,2.65,4.89
84,13-2052.00,Personal Financial Advisors,3.64,4.12,3.25,3.88,4.56,4.8,2.95,4.3
85,13-2053.00,Insurance Underwriters,3.36,3.88,3.38,3.12,4.38,3.64,2.7,4.57
86,13-2061.00,Financial Examiners,3.96,4.5,4.12,4.0,5.17,4.39,2.64,4.7
87,13-2071.00,Credit Counselors,3.46,3.88,3.5,3.25,3.21,3.88,3.48,4.32
88,13-2072.00,Loan Officers,3.21,4.0,3.12,3.12,4.53,3.71,3.01,3.92
89,13-2081.00,"Tax Examiners and Collectors, and Revenue Agents",3.27,3.62,3.62,3.0,4.48,4.16,3.77,4.38
90,13-2082.00,Tax Preparers,3.14,3.62,3.12,3.0,4.12,4.12,2.73,4.09
91,13-2099.01,Financial Quantitative Analysts,4.07,4.62,4.0,4.12,5.25,4.87,3.96,4.91
92,13-2099.04,"Fraud Examiners, Investigators and Analysts",3.7,4.12,3.5,3.5,4.99,4.83,3.84,4.5
93,15-1211.00,Computer Systems Analysts,3.96,4.25,4.12,3.88,3.73,4.28,3.72,4.71
94,15-1211.01,Health Informatics Specialists,4.11,4.25,4.75,4.0,4.81,4.97,4.14,4.5
95,15-1212.00,Information Security Analysts,3.84,4.12,3.88,3.62,4.72,4.44,3.7,4.44
96,15-1221.00,Computer and Information Research Scientists,4.41,4.25,4.88,4.38,5.33,5.15,3.92,4.61
97,15-1231.00,Computer Network Support Specialists,3.55,3.75,3.38,3.25,3.55,4.15,3.88,4.51
98,15-1232.00,Computer User Support Specialists,3.36,4.0,3.25,3.25,3.21,4.06,3.39,4.38
99,15-1241.00,Computer Network Architects,3.93,4.25,3.62,4.12,4.84,5.05,3.86,4.59
100,15-1241.01,Telecommunications Engineering Specialists,3.52,3.75,3.75,3.38,4.31,4.69,3.48,4.33
101,15-1242.00,Database Administrators,3.91,4.12,3.88,4.0,4.38,4.54,3.76,4.56
102,15-1243.00,Database Architects,3.82,4.25,3.62,4.0,5.03,5.13,3.92,4.88
103,15-1243.01,Data Warehousing Specialists,3.63,3.88,3.25,3.5,4.71,4.68,3.96,4.91
104,15-1244.00,Network and Computer Systems Administrators,3.86,3.88,3.75,4.0,3.75,4.54,3.95,4.5
105,15-1251.00,Computer Programmers,3.61,3.88,3.25,3.88,4.78,4.62,4.0,4.74
106,15-1253.00,Software Quality Assurance Analysts and Testers,3.66,3.88,3.0,3.25,4.58,4.66,3.5,4.65
107,15-1254.00,Web Developers,3.66,3.88,3.62,3.62,4.18,4.88,3.92,4.17
108,15-1255.01,Video Game Designers,3.8,3.88,3.62,3.62,4.04,5.03,4.67,4.48
109,15-1299.01,Web Administrators,3.61,4.12,3.75,3.88,4.05,4.77,4.0,4.5
110,15-1299.02,Geographic Information Systems Technologists and Technicians,3.69,3.94,3.69,3.69,4.88,4.82,4.17,4.55
111,15-1299.03,Document Management Specialists,3.43,3.75,3.25,3.62,4.06,4.19,3.3,4.2
112,15-1299.08,Computer Systems Engineers/Architects,4.0,3.88,4.0,4.0,5.29,5.36,4.37,4.67
113,15-1299.09,Information Technology Project Managers,3.82,4.25,3.88,4.0,4.95,5.52,3.71,4.38
114,15-2011.00,Actuaries,4.21,4.75,4.12,4.62,5.41,4.94,3.22,4.81
115,15-2021.00,Mathematicians,4.68,5.12,5.25,4.88,4.9,4.9,4.29,4.96
116,15-2031.00,Operations Research Analysts,4.13,4.38,4.12,4.38,4.67,5.22,4.35,5.0
117,15-2041.00,Statisticians,4.14,4.88,3.88,4.12,4.74,4.62,3.6,4.6
118,15-2041.01,Biostatisticians,4.29,4.88,4.88,4.5,4.36,4.76,3.42,4.74
119,15-2051.01,Business Intelligence Analysts,3.95,4.25,4.12,3.62,4.68,4.77,3.48,4.81
120,15-2051.02,Clinical Data Managers,3.82,4.25,4.0,3.62,4.86,4.62,3.15,4.1
121,15-2099.01,Bioinformatics Technicians,3.68,3.75,3.88,3.38,5.32,4.67,3.72,4.16
122,17-1011.00,"Architects, Except Landscape and Naval",4.37,4.5,4.12,4.25,4.17,5.12,3.86,4.55
123,17-1012.00,Landscape Architects,3.9,3.88,3.75,3.75,4.37,5.35,4.21,4.0
124,17-1021.00,Cartographers and Photogrammetrists,3.48,3.75,3.38,3.12,4.3,4.27,3.85,3.59
125,17-1022.00,Surveyors,3.61,4.0,3.38,3.25,4.72,4.49,3.33,4.47
126,17-1022.01,Geodetic Surveyors,3.71,4.0,3.88,3.88,5.42,4.74,3.35,4.5
127,17-2011.00,Aerospace Engineers,4.18,4.62,3.88,4.25,5.22,5.17,3.97,4.51
128,17-2021.00,Agricultural Engineers,3.96,4.25,3.88,4.38,4.88,5.1,4.04,4.46
129,17-2031.00,Bioengineers and Biomedical Engineers,4.52,4.75,4.75,4.62,5.17,5.48,4.13,4.37
130,17-2041.00,Chemical Engineers,4.52,4.88,4.5,4.38,5.15,5.19,4.19,4.86
131,17-2051.00,Civil Engineers,4.25,4.62,4.62,4.12,4.63,5.0,3.43,4.38
132,17-2051.01,Transportation Engineers,4.25,4.12,4.0,4.12,4.56,4.86,3.59,4.55
133,17-2051.02,Water/Wastewater Engineers,4.18,4.12,4.0,4.75,4.75,5.16,3.48,4.57
134,17-2061.00,Computer Hardware Engineers,4.07,4.12,4.12,4.12,5.2,5.3,4.1,4.52
135,17-2071.00,Electrical Engineers,3.82,4.0,3.38,3.75,4.67,4.66,3.56,4.43
136,17-2072.00,"Electronics Engineers, Except Computer",3.95,4.0,3.75,4.12,4.88,4.64,4.3,4.53
137,17-2072.01,Radio Frequency Identification Device Specialists,3.62,3.88,3.5,3.62,4.38,5.23,4.14,4.39
138,17-2081.00,Environmental Engineers,4.11,4.25,4.12,4.12,4.89,4.92,3.27,4.18
139,17-2111.00,"Health and Safety Engineers, Except Mining Safety Engineers and Inspectors",4.07,4.19,3.88,3.81,4.69,4.65,3.58,4.17
140,17-2111.02,Fire-Prevention and Protection Engineers,4.02,4.12,3.88,4.0,5.08,4.93,3.6,4.6
141,17-2112.00,Industrial Engineers,3.91,4.12,3.88,4.12,4.26,4.48,3.97,4.28
142,17-2112.01,Human Factors Engineers and Ergonomists,4.25,4.38,4.25,4.12,4.73,4.79,3.57,4.48
143,17-2112.02,Validation Engineers,3.82,4.12,3.62,4.0,5.44,4.48,2.9,4.3
144,17-2112.03,Manufacturing Engineers,4.34,4.0,4.5,4.25,4.51,4.59,3.92,4.42
145,17-2121.00,Marine Engineers and Naval Architects,4.37,4.38,4.44,4.19,4.54,4.48,3.81,4.4
146,17-2131.00,Materials Engineers,4.25,4.25,4.5,4.0,5.06,5.19,4.33,4.57
147,17-2141.00,Mechanical Engineers,4.21,4.25,4.38,4.75,4.02,4.17,4.64,4.78
148,17-2141.01,Fuel Cell Engineers,3.94,4.12,3.75,3.5,4.64,5.17,4.33,4.46
149,17-2141.02,Automotive Engineers,4.48,4.5,4.62,4.38,5.34,5.26,3.87,4.61
150,17-2151.00,"Mining and Geological Engineers, Including Mining Safety Engineers",4.3,4.5,4.12,4.38,4.96,4.83,3.57,4.77
151,17-2161.00,Nuclear Engineers,4.16,4.75,4.12,4.38,5.38,4.71,2.93,4.59
152,17-2171.00,Petroleum Engineers,3.98,4.38,3.88,4.12,4.88,5.04,3.77,4.47
153,17-2199.03,"Energy Engineers, Except Wind and Solar",3.91,4.12,3.88,4.0,4.7,4.98,4.18,4.73
154,17-2199.05,Mechatronics Engineers,3.93,4.12,3.88,4.12,3.76,4.63,4.52,4.35
155,17-2199.06,Microsystems Engineers,4.18,4.12,3.88,4.25,4.26,4.67,4.32,4.66
156,17-2199.07,Photonics Engineers,4.52,4.75,5.0,4.0,4.67,4.75,4.0,4.57
157,17-2199.08,Robotics Engineers,4.41,4.62,4.5,4.12,4.65,5.13,4.2,4.5
158,17-2199.09,Nanosystems Engineers,4.54,4.5,5.0,4.25,5.1,5.19,4.33,4.54
159,17-2199.10,Wind Energy Engineers,3.77,4.5,3.75,4.0,4.34,4.46,4.01,4.63
160,17-2199.11,Solar Energy Systems Engineers,3.84,3.88,3.62,3.5,3.98,4.36,3.73,4.05
161,17-3011.00,Architectural and Civil Drafters,3.48,3.69,3.13,3.25,3.9,4.07,3.8,4.29
162,17-3012.00,Electrical and Electronics Drafters,3.3,3.5,3.12,3.12,2.95,3.49,3.62,3.96
163,17-3013.00,Mechanical Drafters,3.5,3.25,3.62,3.12,3.5,3.83,4.02,4.34
164,17-3021.00,Aerospace Engineering and Operations Technologists and Technicians,3.68,4.0,3.0,3.38,4.38,4.03,3.6,4.47
165,17-3022.00,Civil Engineering Technologists and Technicians,3.57,3.62,3.0,3.25,3.99,3.93,3.74,4.08
166,17-3023.00,Electrical and Electronic Engineering Technologists and Technicians,3.61,3.79,3.38,3.5,4.25,4.28,3.66,4.31
167,17-3024.00,Electro-Mechanical and Mechatronics Technologists and Technicians,3.34,3.75,3.0,3.12,3.63,3.58,3.54,4.23
168,17-3024.01,Robotics Technicians,3.73,4.0,3.62,3.62,4.08,4.24,3.68,4.32
169,17-3025.00,Environmental Engineering Technologists and Technicians,3.73,4.0,3.88,3.38,3.85,3.53,2.98,3.8
170,17-3026.00,Industrial Engineering Technologists and Technicians,3.82,3.88,3.62,3.88,3.6,4.32,3.75,4.3
171,17-3026.01,Nanotechnology Engineering Technologists and Technicians,3.53,3.63,3.31,3.44,4.43,4.33,3.73,4.35
172,17-3027.00,Mechanical Engineering Technologists and Technicians,3.77,3.75,3.25,3.25,4.63,4.73,3.46,4.24
173,17-3027.01,Automotive Engineering Technicians,3.54,3.38,3.12,3.25,3.73,4.02,3.89,4.11
174,17-3029.01,Non-Destructive Testing Specialists,3.48,3.5,3.5,3.12,4.33,3.74,3.0,3.8
175,17-3029.08,Photonics Technicians,3.16,3.62,3.25,3.5,3.84,3.76,3.56,3.84
176,17-3031.00,Surveying and Mapping Technicians,3.21,3.12,2.94,3.0,3.77,3.58,3.04,4.02
177,19-1011.00,Animal Scientists,4.09,4.25,4.38,4.12,5.26,5.32,4.22,4.54
178,19-1012.00,Food Scientists and Technologists,3.95,4.25,3.88,3.88,4.62,5.01,4.0,4.61
179,19-1013.00,Soil and Plant Scientists,4.37,4.38,4.5,4.25,4.95,5.26,3.76,4.4
180,19-1021.00,Biochemists and Biophysicists,4.8,5.12,5.25,4.25,5.62,5.71,4.5,4.9
181,19-1022.00,Microbiologists,4.73,4.5,4.5,4.0,4.79,4.82,3.35,4.57
182,19-1023.00,Zoologists and Wildlife Biologists,3.75,4.12,3.75,3.75,4.95,5.14,3.21,3.91
183,19-1029.01,Bioinformatics Scientists,4.39,4.38,4.25,4.25,4.78,5.42,4.23,4.85
184,19-1029.02,Molecular and Cellular Biologists,4.7,4.88,4.62,4.12,4.82,5.02,3.96,4.52
185,19-1029.03,Geneticists,4.37,4.38,4.12,4.0,4.78,5.15,3.96,4.72
186,19-1029.04,Biologists,4.39,4.5,4.62,4.25,5.16,5.3,3.28,4.39
187,19-1031.00,Conservation Scientists,3.84,4.0,3.75,3.75,4.3,4.33,3.48,4.0
188,19-1031.02,Range Managers,3.82,4.0,3.62,4.12,4.56,4.83,3.76,3.93
189,19-1031.03,Park Naturalists,3.16,3.88,3.12,3.0,2.97,4.21,3.72,4.0
190,19-1032.00,Foresters,3.95,4.25,3.62,4.12,4.46,4.5,3.34,3.89
191,19-1041.00,Epidemiologists,4.36,4.75,4.62,4.38,5.03,5.05,3.8,4.73
192,19-1042.00,"Medical Scientists, Except Epidemiologists",4.52,4.75,5.0,4.62,4.52,5.21,4.44,4.53
193,19-2011.00,Astronomers,4.27,4.25,4.75,3.88,4.91,5.45,4.32,4.91
194,19-2012.00,Physicists,5.2,4.88,5.5,4.88,5.29,5.42,4.5,4.47
195,19-2021.00,Atmospheric and Space Scientists,3.8,4.12,4.0,4.0,4.44,4.7,3.6,4.65
196,19-2031.00,Chemists,4.11,4.12,4.12,4.0,4.71,4.2,3.54,4.4
197,19-2032.00,Materials Scientists,4.21,4.12,4.0,4.12,5.19,5.26,4.48,4.67
198,19-2041.00,"Environmental Scientists and Specialists, Including Health",4.05,4.12,4.0,4.0,4.84,4.63,3.36,4.36
199,19-2041.01,Climate Change Policy Analysts,3.66,4.0,3.88,4.12,4.61,5.0,3.48,4.74
200,19-2041.02,Environmental Restoration Planners,4.04,4.12,4.0,4.0,4.88,5.23,3.45,3.95
201,19-2041.03,Industrial Ecologists,4.25,4.25,4.0,4.0,4.95,4.73,3.87,4.74
202,19-2042.00,"Geoscientists, Except Hydrologists and Geographers",4.11,4.25,3.75,4.12,4.96,5.13,3.62,4.59
203,19-2043.00,Hydrologists,4.21,4.5,4.38,4.12,5.04,5.09,3.65,4.52
204,19-2099.01,Remote Sensing Scientists and Technologists,4.02,4.25,3.88,4.0,4.73,4.92,4.07,4.67
205,19-3011.00,Economists,3.86,4.5,4.0,4.12,5.07,4.8,3.91,4.65
206,19-3011.01,Environmental Economists,3.78,4.25,4.0,3.88,5.21,4.72,4.07,4.89
207,19-3022.00,Survey Researchers,3.82,4.25,4.0,3.75,4.72,5.01,3.42,4.58
208,19-3032.00,Industrial-Organizational Psychologists,4.09,4.25,4.12,4.0,5.08,4.95,4.2,4.77
209,19-3033.00,Clinical and Counseling Psychologists,4.04,4.06,4.06,4.0,4.55,4.75,3.64,4.39
210,19-3034.00,School Psychologists,3.79,4.12,3.88,4.0,2.97,3.72,3.51,4.34
211,19-3041.00,Sociologists,3.82,4.25,4.12,3.75,4.94,5.06,4.09,4.95
212,19-3051.00,Urban and Regional Planners,4.02,4.25,4.12,4.12,5.01,5.53,3.52,4.4
213,19-3091.00,Anthropologists and Archeologists,4.19,4.31,4.19,3.94,5.08,5.09,3.72,4.61
214,19-3092.00,Geographers,3.89,4.0,3.88,3.88,4.81,4.56,3.65,4.48
215,19-3093.00,Historians,3.46,4.12,3.75,3.12,3.93,4.31,3.49,3.53
216,19-3094.00,Political Scientists,3.75,4.5,3.88,3.88,5.09,4.71,3.6,4.87
217,19-3099.01,Transportation Planners,3.84,4.25,3.75,3.88,4.25,5.17,3.96,4.5
218,19-4012.00,Agricultural Technicians,3.34,4.0,3.0,3.5,4.19,4.35,3.93,4.37
219,19-4012.01,Precision Agriculture Technicians,3.7,3.62,3.75,3.25,4.05,4.34,3.54,4.23
220,19-4013.00,Food Science Technicians,3.11,3.62,3.25,3.0,4.27,4.07,3.14,3.8
221,19-4021.00,Biological Technicians,3.75,4.0,3.88,3.5,3.79,4.18,3.63,4.13
222,19-4031.00,Chemical Technicians,3.73,4.12,3.25,3.12,4.08,3.79,3.49,4.08
223,19-4042.00,"Environmental Science and Protection Technicians, Including Health",3.57,3.75,3.12,3.38,4.47,3.98,3.0,4.19
224,19-4043.00,"Geological Technicians, Except Hydrologic Technicians",3.28,3.38,2.87,3.0,3.72,3.48,3.36,3.91
225,19-4051.00,Nuclear Technicians,3.38,3.62,3.12,3.0,4.07,3.79,2.48,3.99
226,19-4051.02,Nuclear Monitoring Technicians,3.68,4.0,3.12,3.12,4.5,4.23,2.87,3.66
227,19-4061.00,Social Science Research Assistants,3.32,3.88,3.62,3.12,4.12,4.02,3.05,4.02
228,19-4071.00,Forest and Conservation Technicians,3.3,3.38,3.0,3.0,3.85,4.63,3.29,3.7
229,19-4092.00,Forensic Science Technicians,4.07,4.0,3.62,3.62,3.15,3.53,3.77,4.47
230,19-4099.01,Quality Control Analysts,3.36,3.62,3.12,3.25,3.7,3.11,2.87,4.38
231,19-4099.03,Remote Sensing Technicians,3.75,3.88,3.5,3.38,4.34,4.38,3.74,4.22
232,19-5011.00,Occupational Health and Safety Specialists,3.86,4.12,4.0,3.88,4.8,4.66,3.64,4.29
233,19-5012.00,Occupational Health and Safety Technicians,3.48,3.88,3.25,3.25,4.81,4.61,3.35,4.35
234,21-1011.00,Substance Abuse and Behavioral Disorder Counselors,3.66,4.12,4.0,3.5,5.02,4.83,3.81,3.91
235,21-1012.00,"Educational, Guidance, and Career Counselors and Advisors",3.8,4.0,3.88,3.75,4.25,5.16,3.84,4.1
236,21-1013.00,Marriage and Family Therapists,3.98,4.25,4.25,4.12,3.54,4.16,3.79,4.19
237,21-1014.00,Mental Health Counselors,4.43,4.5,4.12,3.75,3.85,4.41,3.43,3.95
238,21-1015.00,Rehabilitation Counselors,3.57,3.88,3.25,3.62,3.94,4.39,3.81,3.89
239,21-1021.00,"Child, Family, and School Social Workers",3.65,4.25,3.75,3.5,3.6,4.25,3.29,3.53
240,21-1022.00,Healthcare Social Workers,3.91,4.0,4.0,3.88,3.39,4.29,3.56,3.88
241,21-1023.00,Mental Health and Substance Abuse Social Workers,4.13,4.0,3.88,4.0,4.42,4.83,3.43,3.69
242,21-1091.00,Health Education Specialists,3.45,4.0,3.62,3.0,5.04,5.39,4.16,4.06
243,21-1092.00,Probation Officers and Correctional Treatment Specialists,3.45,4.0,3.25,3.38,4.47,4.71,3.25,3.66
244,21-1093.00,Social and Human Service Assistants,3.45,4.0,3.25,3.12,3.11,3.83,3.6,3.8
245,21-1094.00,Community Health Workers,3.43,3.75,3.62,3.5,4.28,4.85,4.32,4.07
246,21-2011.00,Clergy,3.89,4.12,4.12,3.75,3.16,4.25,4.01,3.77
247,21-2021.00,"Directors, Religious Activities and Education",3.44,3.88,3.75,3.75,3.96,5.33,4.05,3.03
248,23-1011.00,Lawyers,3.98,4.88,4.25,4.0,4.97,4.82,3.35,4.64
249,23-1012.00,Judicial Law Clerks,3.54,4.62,4.12,3.62,4.37,3.23,2.81,4.72
250,23-1021.00,"Administrative Law Judges, Adjudicators, and Hearing Officers",3.82,5.12,4.12,4.0,4.71,4.06,3.08,4.52
251,23-1022.00,"Arbitrators, Mediators, and Conciliators",3.61,4.75,4.0,3.75,4.38,4.13,4.05,4.95
252,23-1023.00,"Judges, Magistrate Judges, and Magistrates",4.0,5.75,4.62,5.0,5.32,4.74,3.28,4.75
253,23-2011.00,Paralegals and Legal Assistants,3.11,3.5,3.25,3.0,4.32,3.98,2.95,3.59
254,23-2093.00,"Title Examiners, Abstractors, and Searchers",2.77,3.62,3.12,3.0,4.22,3.38,2.82,3.79
255,25-1011.00,"Business Teachers, Postsecondary",3.55,4.38,4.38,3.75,4.11,4.53,4.02,4.78
256,25-1021.00,"Computer Science Teachers, Postsecondary",3.72,4.5,4.12,4.0,4.57,5.14,4.24,4.39
257,25-1022.00,"Mathematical Science Teachers, Postsecondary",3.59,4.12,4.12,3.62,3.24,4.04,3.78,4.7
258,25-1031.00,"Architecture Teachers, Postsecondary",4.07,4.38,4.5,4.25,4.38,5.34,4.08,4.6
259,25-1032.00,"Engineering Teachers, Postsecondary",4.04,4.12,4.12,3.38,4.96,5.41,4.35,4.87
260,25-1041.00,"Agricultural Sciences Teachers, Postsecondary",3.82,4.12,4.5,3.88,4.29,5.34,4.42,4.6
261,25-1042.00,"Biological Science Teachers, Postsecondary",3.91,4.12,4.5,3.75,5.12,5.55,4.34,4.4
262,25-1043.00,"Forestry and Conservation Science Teachers, Postsecondary",3.71,4.25,4.25,4.0,4.8,5.23,3.86,4.35
263,25-1051.00,"Atmospheric, Earth, Marine, and Space Sciences Teachers, Postsecondary",4.05,4.25,4.25,3.88,4.0,4.64,3.94,4.57
264,25-1052.00,"Chemistry Teachers, Postsecondary",3.9,4.0,4.0,4.0,4.08,4.62,4.19,4.8
265,25-1053.00,"Environmental Science Teachers, Postsecondary",3.66,4.25,4.25,3.88,4.61,4.83,4.29,4.59
266,25-1054.00,"Physics Teachers, Postsecondary",3.88,4.88,4.38,4.0,4.48,5.06,3.82,4.46
267,25-1061.00,"Anthropology and Archeology Teachers, Postsecondary",3.93,4.25,4.38,3.88,4.66,5.16,3.95,4.92
268,25-1062.00,"Area, Ethnic, and Cultural Studies Teachers, Postsecondary",3.46,4.12,4.0,3.62,3.25,4.86,4.24,4.51
269,25-1063.00,"Economics Teachers, Postsecondary",3.55,4.12,4.12,3.62,4.16,4.37,3.81,4.72
270,25-1064.00,"Geography Teachers, Postsecondary",3.64,4.0,4.12,3.75,4.72,4.88,4.12,4.39
271,25-1065.00,"Political Science Teachers, Postsecondary",3.39,4.12,4.0,4.0,4.6,5.12,4.21,4.62
272,25-1066.00,"Psychology Teachers, Postsecondary",3.66,4.25,4.62,3.88,5.08,5.43,4.09,4.69
273,25-1067.00,"Sociology Teachers, Postsecondary",3.5,4.12,4.38,3.75,5.08,5.27,3.7,4.69
274,25-1071.00,"Health Specialties Teachers, Postsecondary",3.68,4.12,4.0,4.0,4.23,4.95,3.61,4.24
275,25-1072.00,"Nursing Instructors and Teachers, Postsecondary",3.87,4.25,4.0,4.0,5.17,5.48,4.09,4.25
276,25-1081.00,"Education Teachers, Postsecondary",3.61,4.0,4.25,4.0,4.42,4.91,3.61,4.76
277,25-1082.00,"Library Science Teachers, Postsecondary",3.62,4.12,4.38,3.75,4.83,5.06,4.06,4.35
278,25-1111.00,"Criminal Justice and Law Enforcement Teachers, Postsecondary",3.43,4.12,4.0,3.75,3.88,4.66,3.56,3.94
279,25-1112.00,"Law Teachers, Postsecondary",3.96,4.88,4.75,3.75,4.56,4.83,3.69,4.64
280,25-1113.00,"Social Work Teachers, Postsecondary",3.77,4.25,4.88,3.88,3.95,5.15,4.12,4.61
281,25-1121.00,"Art, Drama, and Music Teachers, Postsecondary",3.73,3.88,4.25,3.38,3.13,5.17,4.16,4.22
282,25-1122.00,"Communications Teachers, Postsecondary",3.44,4.12,4.25,3.5,4.02,4.88,4.59,4.51
283,25-1123.00,"English Language and Literature Teachers, Postsecondary",3.72,4.0,4.0,3.5,4.41,5.49,3.48,4.19
284,25-1124.00,"Foreign Language and Literature Teachers, Postsecondary",3.34,3.88,4.0,3.62,3.68,4.5,4.07,4.2
285,25-1125.00,"History Teachers, Postsecondary",3.47,3.88,4.0,3.75,4.68,4.87,4.19,4.67
286,25-1126.00,"Philosophy and Religion Teachers, Postsecondary",3.5,4.25,4.38,3.75,4.05,4.98,3.54,4.8
287,25-1192.00,"Family and Consumer Sciences Teachers, Postsecondary",3.43,4.0,4.12,3.25,3.83,4.49,3.77,4.36
288,25-1193.00,"Recreation and Fitness Studies Teachers, Postsecondary",3.41,4.0,4.0,3.38,4.38,4.86,3.91,4.34
289,25-1194.00,"Career/Technical Education Teachers, Postsecondary",3.23,3.75,4.0,3.12,3.79,4.57,4.17,4.31
290,25-2011.00,"Preschool Teachers, Except Special Education",3.2,3.12,3.0,3.0,2.03,3.01,4.12,3.61
291,25-2012.00,"Kindergarten Teachers, Except Special Education",3.41,3.75,3.12,3.12,3.51,4.74,4.18,4.09
292,25-2021.00,"Elementary School Teachers, Except Special Education",3.7,4.0,3.88,3.38,3.41,4.42,4.02,3.93
293,25-2022.00,"Middle School Teachers, Except Special and Career/Technical Education",3.44,3.62,3.88,3.12,4.13,4.8,4.15,4.27
294,25-2023.00,"Career/Technical Education Teachers, Middle School",3.48,3.88,3.5,3.0,3.65,4.22,4.08,3.9
295,25-2031.00,"Secondary School Teachers, Except Special and Career/Technical Education",3.61,3.88,3.75,3.5,3.63,4.8,3.98,4.18
296,25-2032.00,"Career/Technical Education Teachers, Secondary School",3.79,3.88,3.75,3.38,3.93,5.1,3.83,3.85
297,25-2051.00,"Special Education Teachers, Preschool",3.75,3.88,3.75,3.38,3.42,4.12,4.1,4.1
298,25-2057.00,"Special Education Teachers, Middle School",3.75,3.88,3.88,3.12,4.29,4.71,4.18,4.31
299,25-2058.00,"Special Education Teachers, Secondary School",3.68,4.0,3.88,3.25,4.47,4.92,3.76,3.9
300,25-2059.01,Adapted Physical Education Specialists,3.59,3.88,3.88,3.38,3.61,4.36,4.29,3.86
301,25-3011.00,"Adult Basic Education, Adult Secondary Education, and English as a Second Language Instructors",3.35,3.5,3.25,3.0,2.93,3.95,3.72,3.75
302,25-3021.00,Self-Enrichment Teachers,3.1,3.12,3.12,2.88,2.56,3.68,3.85,3.77
303,25-3041.00,Tutors,3.27,3.62,3.5,3.25,2.78,3.81,3.38,3.62
304,25-4011.00,Archivists,3.5,3.88,3.25,3.12,4.37,4.71,3.19,3.94
305,25-4012.00,Curators,4.07,4.38,4.12,3.62,4.54,4.72,4.06,4.26
306,25-4013.00,Museum Technicians and Conservators,3.46,3.38,3.12,3.0,3.17,3.75,4.03,4.16
307,25-4022.00,Librarians and Media Collections Specialists,3.49,3.69,3.5,3.06,3.64,4.21,3.97,3.96
308,25-4031.00,Library Technicians,2.73,3.25,2.88,2.0,2.6,2.82,3.46,3.74
309,25-9021.00,Farm and Home Management Educators,4.09,4.12,4.5,3.88,4.13,5.13,3.9,4.14
310,25-9031.00,Instructional Coordinators,3.87,4.12,4.12,3.88,4.71,5.14,4.24,4.12
311,25-9044.00,"Teaching Assistants, Postsecondary",3.25,3.38,3.12,3.12,3.41,3.75,3.56,3.62
312,27-1011.00,Art Directors,3.95,4.0,3.75,3.62,4.14,4.98,4.44,3.8
313,27-1012.00,Craft Artists,3.18,3.12,2.62,2.88,2.34,4.13,4.24,3.6
314,27-1013.00,"Fine Artists, Including Painters, Sculptors, and Illustrators",3.43,3.25,3.38,2.88,2.25,3.63,4.0,3.61
315,27-1014.00,Special Effects Artists and Animators,3.66,3.75,3.38,3.25,3.16,4.13,3.55,3.35
316,27-1021.00,Commercial and Industrial Designers,4.07,4.0,4.0,3.88,3.32,3.75,3.94,4.16
317,27-1022.00,Fashion Designers,3.65,3.62,3.38,3.38,4.21,5.58,4.69,3.89
318,27-1023.00,Floral Designers,3.07,3.38,2.88,2.62,2.37,3.23,3.87,3.51
319,27-1024.00,Graphic Designers,3.41,3.62,3.12,3.0,3.17,4.51,4.46,3.85
320,27-1025.00,Interior Designers,3.73,4.0,3.25,3.5,3.71,4.84,4.52,3.86
321,27-1026.00,Merchandise Displayers and Window Trimmers,3.16,3.38,3.0,2.88,2.5,3.29,4.09,3.71
322,27-1027.00,Set and Exhibit Designers,3.77,3.75,3.12,3.88,2.84,5.0,4.62,4.05
323,27-2011.00,Actors,3.13,3.0,2.62,2.62,1.27,2.68,4.06,3.25
324,27-2012.00,Producers and Directors,3.85,4.0,3.69,3.5,3.5,4.57,3.92,3.7
325,27-2012.03,Media Programming Directors,3.88,4.0,3.88,3.75,4.56,5.47,4.39,4.38
326,27-2012.04,Talent Directors,3.39,4.0,3.12,3.25,2.58,3.96,3.25,3.28
327,27-2012.05,Media Technical Directors/Managers,3.77,4.0,3.62,3.62,3.79,4.59,3.3,3.03
328,27-2021.00,Athletes and Sports Competitors,2.95,3.12,3.0,2.88,4.29,4.65,3.09,3.27
329,27-2022.00,Coaches and Scouts,3.97,4.0,4.0,3.88,3.4,3.99,3.42,3.81
330,27-2023.00,"Umpires, Referees, and Other Sports Officials",2.7,3.5,3.0,2.75,3.21,2.94,2.43,3.57
331,27-2031.00,Dancers,2.87,2.62,2.88,2.12,1.25,2.52,3.9,3.34
332,27-2032.00,Choreographers,3.59,3.5,3.25,3.12,3.25,5.36,4.71,4.0
333,27-2041.00,Music Directors and Composers,3.53,3.56,3.06,3.25,3.53,4.75,4.46,3.89
334,27-2042.00,Musicians and Singers,3.08,3.06,2.88,2.44,3.56,3.74,3.15,3.34
335,27-3011.00,Broadcast Announcers and Radio Disc Jockeys,3.38,3.88,3.25,3.0,3.87,4.3,3.73,3.76
336,27-3023.00,"News Analysts, Reporters, and Journalists",3.7,4.06,3.75,3.19,3.69,3.83,3.65,3.89
337,27-3031.00,Public Relations Specialists,3.59,4.0,3.62,3.38,3.65,5.11,3.79,3.92
338,27-3041.00,Editors,3.73,4.0,3.88,3.12,3.46,4.08,4.0,3.84
339,27-3042.00,Technical Writers,3.37,3.88,3.62,3.0,4.21,3.98,3.54,3.83
340,27-3043.00,Writers and Authors,3.48,3.62,3.12,3.0,2.86,4.24,4.61,3.53
341,27-3043.05,"Poets, Lyricists and Creative Writers",3.82,3.88,3.88,3.38,2.91,4.73,4.65,3.69
342,27-3091.00,Interpreters and Translators,3.19,3.88,3.0,3.0,3.29,3.58,3.42,3.66
343,27-3092.00,Court Reporters and Simultaneous Captioners,2.25,2.75,2.38,2.0,2.45,3.28,3.65,3.66
344,27-4011.00,Audio and Video Technicians,3.36,3.75,3.0,3.0,3.69,4.29,3.85,3.92
345,27-4012.00,Broadcast Technicians,3.25,3.38,3.12,3.25,3.65,4.17,3.45,3.86
346,27-4014.00,Sound Engineering Technicians,3.32,3.62,3.12,3.25,4.21,4.58,3.44,3.89
347,27-4021.00,Photographers,3.47,3.25,3.12,3.0,3.27,4.66,3.73,3.23
348,27-4031.00,"Camera Operators, Television, Video, and Film",3.16,3.5,3.0,3.12,2.24,3.63,3.37,3.34
349,27-4032.00,Film and Video Editors,3.55,3.5,3.25,3.12,3.67,4.38,4.49,4.04
350,29-1011.00,Chiropractors,3.93,4.12,3.88,3.62,4.45,4.59,3.76,4.2
351,29-1021.00,"Dentists, General",4.41,4.38,4.5,4.12,4.77,4.92,3.25,3.78
352,29-1022.00,Oral and Maxillofacial Surgeons,4.38,4.75,4.5,4.38,4.99,4.85,3.95,4.57
353,29-1023.00,Orthodontists,3.8,4.0,3.88,3.62,4.16,4.53,3.69,4.44
354,29-1024.00,Prosthodontists,3.5,4.0,3.25,3.75,4.56,4.64,4.27,4.52
355,29-1031.00,Dietitians and Nutritionists,3.98,4.12,4.12,4.12,4.11,4.35,3.23,3.97
356,29-1041.00,Optometrists,4.11,4.25,3.88,3.88,4.92,4.8,3.48,4.52
357,29-1051.00,Pharmacists,3.8,4.38,3.88,3.5,4.83,4.12,2.85,3.7
358,29-1071.00,Physician Assistants,4.02,4.62,4.12,4.0,4.94,4.75,3.03,4.68
359,29-1071.01,Anesthesiologist Assistants,3.46,3.75,3.62,3.38,4.66,4.17,3.33,4.06
360,29-1081.00,Podiatrists,4.18,4.25,4.75,4.0,4.13,4.01,3.71,4.29
361,29-1122.00,Occupational Therapists,3.88,4.0,3.88,3.75,4.27,4.94,3.86,4.23
362,29-1122.01,"Low Vision Therapists, Orientation and Mobility Specialists, and Vision Rehabilitation Therapists",3.68,3.88,3.88,3.5,3.39,4.15,3.61,3.7
363,29-1123.00,Physical Therapists,3.71,3.88,3.25,3.38,3.78,4.36,3.76,4.3
364,29-1124.00,Radiation Therapists,3.43,3.75,3.0,3.0,4.61,4.33,3.69,4.11
365,29-1125.00,Recreational Therapists,3.64,4.0,3.38,3.5,3.42,4.85,4.42,3.88
366,29-1126.00,Respiratory Therapists,3.5,4.0,3.62,3.12,4.49,4.25,3.82,4.45
367,29-1127.00,Speech-Language Pathologists,3.95,4.0,4.0,3.75,3.95,4.51,3.72,3.95
368,29-1128.00,Exercise Physiologists,3.87,4.0,3.88,3.5,3.72,4.08,3.36,3.73
369,29-1129.01,Art Therapists,3.8,4.0,3.88,3.75,4.05,4.92,4.31,4.09
370,29-1129.02,Music Therapists,3.8,4.0,3.75,3.38,3.67,4.48,4.27,3.73
371,29-1131.00,Veterinarians,4.07,4.25,4.38,3.75,4.17,4.13,3.79,4.68
372,29-1141.00,Registered Nurses,4.0,4.12,4.12,3.38,4.24,4.76,3.48,3.98
373,29-1141.01,Acute Care Nurses,3.73,4.0,3.88,3.75,4.2,4.59,3.5,4.11
374,29-1141.02,Advanced Practice Psychiatric Nurses,3.84,4.0,4.0,3.38,4.86,5.03,4.0,4.48
375,29-1141.03,Critical Care Nurses,3.98,4.12,4.0,3.38,4.21,4.47,3.54,4.5
376,29-1141.04,Clinical Nurse Specialists,3.97,4.25,4.38,3.75,4.75,5.08,4.21,4.48
377,29-1151.00,Nurse Anesthetists,4.02,4.0,4.0,4.25,5.19,5.07,3.52,4.67
378,29-1161.00,Nurse Midwives,3.98,4.38,4.12,3.75,4.76,4.91,3.48,4.18
379,29-1171.00,Nurse Practitioners,4.14,4.12,4.12,4.12,5.01,4.84,3.48,4.39
380,29-1181.00,Audiologists,4.04,4.25,4.38,3.88,4.61,4.73,3.64,4.14
381,29-1211.00,Anesthesiologists,4.09,4.38,4.12,4.0,5.36,4.94,3.34,4.29
382,29-1213.00,Dermatologists,4.29,4.25,3.88,3.88,3.85,4.18,3.75,4.34
383,29-1215.00,Family Medicine Physicians,4.03,4.5,4.0,4.25,4.37,3.81,3.22,4.87
384,29-1216.00,General Internal Medicine Physicians,4.52,4.75,4.0,4.0,5.05,4.76,3.61,4.23
385,29-1217.00,Neurologists,4.75,4.88,4.62,4.62,5.71,5.43,3.77,4.49
386,29-1218.00,Obstetricians and Gynecologists,4.21,4.5,4.12,4.0,4.49,4.63,3.8,4.43
387,29-1221.00,"Pediatricians, General",4.09,4.5,4.12,4.12,3.71,3.95,2.92,4.22
388,29-1222.00,"Physicians, Pathologists",4.57,4.62,4.75,4.62,4.93,4.7,3.29,4.32
389,29-1223.00,Psychiatrists,4.28,4.62,4.38,4.25,4.71,4.74,3.64,4.38
390,29-1224.00,Radiologists,4.02,4.5,4.0,4.0,5.13,4.78,3.51,4.28
391,29-1229.01,Allergists and Immunologists,4.21,4.25,4.62,4.38,5.14,5.35,3.33,4.58
392,29-1229.02,Hospitalists,4.5,4.75,4.88,4.25,5.1,4.89,3.12,4.36
393,29-1229.03,Urologists,4.16,4.12,3.88,4.38,4.6,4.58,4.08,4.91
394,29-1229.04,Physical Medicine and Rehabilitation Physicians,4.39,4.62,4.25,4.12,4.96,5.03,3.89,4.54
395,29-1229.05,Preventive Medicine Physicians,4.75,5.0,4.88,4.88,4.9,5.1,3.61,4.64
396,29-1229.06,Sports Medicine Physicians,4.2,4.5,4.38,4.0,4.96,5.1,3.83,4.35
397,29-1241.00,"Ophthalmologists, Except Pediatric",4.54,4.88,4.38,4.25,5.34,5.24,3.7,4.46
398,29-1291.00,Acupuncturists,3.55,3.88,3.25,3.12,4.64,4.94,3.38,3.84
399,29-1292.00,Dental Hygienists,3.03,3.12,3.0,2.75,4.0,4.07,3.2,3.38
400,29-1299.01,Naturopathic Physicians,4.41,4.12,3.88,4.0,4.5,4.81,3.8,4.56
401,29-1299.02,Orthoptists,3.93,4.0,3.88,3.75,3.59,3.71,3.14,4.21
402,29-2011.00,Medical and Clinical Laboratory Technologists,3.66,4.0,3.88,3.38,4.74,3.95,3.06,4.57
403,29-2011.01,Cytogenetic Technologists,3.71,4.0,3.38,3.38,4.1,3.92,2.85,4.14
404,29-2011.02,Cytotechnologists,3.45,3.88,3.5,3.12,3.49,3.19,2.59,4.14
405,29-2012.00,Medical and Clinical Laboratory Technicians,3.25,3.38,3.12,3.0,4.57,4.04,3.26,4.43
406,29-2031.00,Cardiovascular Technologists and Technicians,3.45,3.75,3.38,3.12,3.83,3.58,3.3,3.88
407,29-2032.00,Diagnostic Medical Sonographers,3.2,3.5,3.12,3.0,3.9,3.92,3.64,4.04
408,29-2033.00,Nuclear Medicine Technologists,3.38,3.62,3.12,3.0,3.75,3.74,3.57,4.06
409,29-2034.00,Radiologic Technologists and Technicians,3.26,3.37,3.06,2.88,3.56,3.94,3.7,3.66
410,29-2035.00,Magnetic Resonance Imaging Technologists,3.3,3.62,3.0,3.12,3.82,3.88,3.52,3.78
411,29-2051.00,Dietetic Technicians,3.28,3.12,3.12,3.0,3.4,3.27,4.22,4.21
412,29-2052.00,Pharmacy Technicians,2.87,3.62,3.12,2.88,3.79,3.35,3.21,4.02
413,29-2053.00,Psychiatric Technicians,3.48,3.88,3.25,3.25,3.95,4.2,3.31,3.54
414,29-2055.00,Surgical Technologists,3.14,3.12,3.0,3.0,3.91,3.94,3.75,3.82
415,29-2056.00,Veterinary Technologists and Technicians,3.54,4.0,3.0,3.12,3.64,3.69,3.14,3.65
416,29-2057.00,Ophthalmic Medical Technicians,2.84,3.12,3.12,2.38,3.08,3.24,3.0,3.48
417,29-2061.00,Licensed Practical and Licensed Vocational Nurses,3.5,4.0,3.25,3.0,3.98,4.17,3.77,4.11
418,29-2081.00,"Opticians, Dispensing",3.0,3.62,2.88,2.88,4.09,3.92,3.69,3.96
419,29-2091.00,Orthotists and Prosthetists,4.02,4.12,4.25,3.88,4.15,4.49,4.04,4.35
420,29-2092.00,Hearing Aid Specialists,2.94,3.62,3.12,3.0,3.46,3.99,3.54,4.36
421,29-2099.01,Neurodiagnostic Technologists,3.45,3.88,3.38,3.0,4.44,4.05,3.38,4.18
422,29-2099.05,Ophthalmic Medical Technologists,3.21,3.62,3.0,2.88,3.0,3.19,2.8,3.5
423,29-2099.08,Patient Representatives,3.12,3.75,3.5,3.12,4.11,3.85,3.49,3.93
424,29-9091.00,Athletic Trainers,3.8,4.12,4.0,3.38,3.76,4.53,3.84,4.25
425,29-9092.00,Genetic Counselors,3.87,4.12,3.88,3.75,4.25,4.19,3.0,4.13
426,29-9093.00,Surgical Assistants,3.32,3.5,3.12,3.12,4.3,4.24,3.68,4.1
427,29-9099.01,Midwives,3.93,4.0,3.62,3.25,4.78,4.85,3.55,3.97
428,31-1121.00,Home Health Aides,3.05,3.25,3.0,3.0,3.21,3.44,3.29,3.33
429,31-1122.00,Personal Care Aides,2.63,3.0,2.75,2.38,2.25,2.47,3.46,3.5
430,31-1131.00,Nursing Assistants,2.75,3.12,2.75,2.25,3.33,3.49,3.78,3.75
431,31-1132.00,Orderlies,2.43,2.12,1.88,1.62,2.73,2.47,2.77,2.89
432,31-1133.00,Psychiatric Aides,3.14,3.25,3.0,3.0,3.24,3.24,3.8,3.76
433,31-2011.00,Occupational Therapy Assistants,3.29,3.25,3.0,3.12,3.91,4.18,3.82,3.78
434,31-2012.00,Occupational Therapy Aides,3.0,3.38,3.0,2.88,3.23,3.97,3.2,3.15
435,31-2021.00,Physical Therapist Assistants,3.27,3.88,3.12,3.0,3.6,4.1,3.77,3.7
436,31-2022.00,Physical Therapist Aides,2.71,2.88,2.75,2.75,2.82,3.18,3.38,3.43
437,31-9011.00,Massage Therapists,2.98,3.25,3.0,2.75,3.09,3.64,3.65,3.77
438,31-9091.00,Dental Assistants,3.0,3.12,3.12,2.88,4.06,4.24,3.5,3.68
439,31-9092.00,Medical Assistants,3.2,3.62,3.38,2.88,4.86,4.77,3.61,3.55
440,31-9093.00,Medical Equipment Preparers,2.69,2.88,3.0,2.5,5.21,4.49,3.63,3.93
441,31-9094.00,Medical Transcriptionists,2.61,3.12,2.88,2.5,3.18,2.78,3.02,3.11
442,31-9095.00,Pharmacy Aides,2.5,2.88,2.5,2.38,3.85,3.71,2.86,3.22
443,31-9096.00,Veterinary Assistants and Laboratory Animal Caretakers,2.86,3.12,3.0,2.25,2.92,3.4,2.72,3.18
444,31-9097.00,Phlebotomists,2.87,3.25,3.0,2.38,4.41,4.25,3.59,3.91
445,31-9099.01,Speech-Language Pathology Assistants,3.02,3.5,2.75,3.12,3.86,4.11,4.44,4.39
446,31-9099.02,Endoscopy Technicians,2.87,3.25,3.0,2.62,3.76,3.79,3.55,3.84
447,33-1011.00,First-Line Supervisors of Correctional Officers,3.39,4.0,3.25,3.25,4.53,4.37,3.49,4.01
448,33-1012.00,First-Line Supervisors of Police and Detectives,3.78,4.12,3.88,4.0,4.71,5.01,3.55,4.13
449,33-1021.00,First-Line Supervisors of Firefighting and Prevention Workers,3.9,4.12,3.88,4.0,4.14,5.15,3.6,4.12
450,33-2011.00,Firefighters,3.39,3.75,3.0,2.94,3.88,3.96,3.69,3.94
451,33-2021.00,Fire Inspectors and Investigators,3.81,4.06,3.62,3.5,4.67,4.39,3.56,4.1
452,33-2022.00,Forest Fire Inspectors and Prevention Specialists,3.35,3.88,3.25,3.25,3.47,4.5,3.69,3.76
453,33-3011.00,Bailiffs,2.57,3.12,2.12,2.38,4.09,4.04,2.88,3.29
454,33-3012.00,Correctional Officers and Jailers,3.22,3.62,3.0,2.75,3.94,3.42,3.31,3.83
455,33-3021.00,Detectives and Criminal Investigators,3.83,4.12,3.69,3.88,4.43,4.42,3.71,4.04
456,33-3021.02,Police Identification and Records Officers,3.55,4.0,3.25,3.12,4.42,4.05,3.61,4.17
457,33-3021.06,Intelligence Analysts,4.07,4.25,3.5,3.88,5.23,5.17,3.74,4.87
458,33-3031.00,Fish and Game Wardens,3.44,4.0,3.5,3.25,4.53,5.01,3.74,3.68
459,33-3041.00,Parking Enforcement Workers,2.68,3.0,2.38,2.38,3.81,3.58,3.44,3.34
460,33-3051.00,Police and Sheriff's Patrol Officers,3.53,3.94,3.19,3.44,4.63,4.47,3.19,3.88
461,33-3051.04,Customs and Border Protection Officers,3.41,3.88,3.12,3.0,5.27,4.28,2.97,3.84
462,33-3052.00,Transit and Railroad Police,3.39,3.38,3.0,3.0,3.05,3.73,3.32,4.03
463,33-9011.00,Animal Control Workers,3.22,3.5,2.88,2.75,3.89,3.86,4.08,3.93
464,33-9021.00,Private Detectives and Investigators,3.61,4.12,3.38,3.0,4.42,4.04,3.64,4.16
465,33-9031.00,Gambling Surveillance Officers and Gambling Investigators,3.05,3.75,3.12,2.5,4.63,4.14,2.81,3.8
466,33-9032.00,Security Guards,2.63,2.88,2.5,2.25,3.9,3.94,2.59,2.59
467,33-9091.00,Crossing Guards and Flaggers,2.05,2.5,1.62,1.88,2.27,2.41,2.63,3.13
468,33-9092.00,"Lifeguards, Ski Patrol, and Other Recreational Protective Service Workers",2.82,3.0,2.75,2.62,2.51,3.11,2.96,3.28
469,33-9093.00,Transportation Security Screeners,3.13,3.5,3.0,2.75,3.03,3.03,2.5,2.63
470,33-9099.02,Retail Loss Prevention Specialists,3.11,3.62,3.0,2.88,4.86,4.38,3.68,4.17
471,35-1011.00,Chefs and Head Cooks,3.59,3.88,3.75,3.25,3.98,4.8,4.21,4.07
472,35-1012.00,First-Line Supervisors of Food Preparation and Serving Workers,3.05,4.0,3.25,3.0,2.94,3.28,3.29,3.54
473,35-2011.00,"Cooks, Fast Food",2.39,2.38,2.25,2.12,1.71,2.42,2.56,3.16
474,35-2012.00,"Cooks, Institution and Cafeteria",2.87,2.88,2.88,2.88,2.75,2.64,3.47,3.11
475,35-2013.00,"Cooks, Private Household",3.12,3.0,3.12,2.88,2.05,2.94,3.88,3.33
476,35-2014.00,"Cooks, Restaurant",2.88,3.0,2.75,2.12,3.08,3.42,3.67,3.22
477,35-2015.00,"Cooks, Short Order",2.72,2.75,2.62,2.12,3.01,3.0,3.28,3.32
478,35-2021.00,Food Preparation Workers,2.25,2.12,2.12,2.12,2.85,3.16,2.99,3.17
479,35-3011.00,Bartenders,2.97,2.88,3.0,2.62,2.23,2.58,3.58,3.41
480,35-3023.00,Fast Food and Counter Workers,2.34,2.44,2.06,2.19,1.83,1.79,3.2,3.21
481,35-3023.01,Baristas,2.55,2.75,2.62,2.25,2.25,2.5,2.54,2.65
482,35-3031.00,Waiters and Waitresses,2.28,2.75,2.12,2.12,2.4,2.49,2.86,2.86
483,35-3041.00,"Food Servers, Nonrestaurant",2.14,2.38,2.12,2.12,3.11,2.52,3.63,3.77
484,35-9011.00,Dining Room and Cafeteria Attendants and Bartender Helpers,2.1,2.25,2.12,2.0,2.23,2.87,2.54,2.87
485,35-9021.00,Dishwashers,1.96,2.12,2.0,2.12,3.64,3.7,2.98,2.99
486,35-9031.00,"Hosts and Hostesses, Restaurant, Lounge, and Coffee Shop",2.41,2.62,2.38,1.75,2.01,2.24,2.23,2.46
487,37-1011.00,First-Line Supervisors of Housekeeping and Janitorial Workers,2.84,3.25,2.88,2.88,4.04,4.16,3.58,3.65
488,37-1012.00,"First-Line Supervisors of Landscaping, Lawn Service, and Groundskeeping Workers",3.07,3.75,3.0,3.0,3.57,4.4,3.43,3.54
489,37-2011.00,"Janitors and Cleaners, Except Maids and Housekeeping Cleaners",2.37,2.12,2.0,2.0,1.69,2.31,2.72,2.94
490,37-2012.00,Maids and Housekeeping Cleaners,2.03,2.12,1.62,2.12,1.95,2.11,2.99,3.08
491,37-2021.00,Pest Control Workers,2.93,3.38,2.88,3.0,2.53,3.42,3.27,3.25
492,37-3011.00,Landscaping and Groundskeeping Workers,2.36,1.88,2.0,2.12,2.33,3.15,3.05,3.2
493,37-3012.00,"Pesticide Handlers, Sprayers, and Applicators, Vegetation",2.73,2.88,2.38,2.88,3.12,3.85,3.17,3.5
494,37-3013.00,Tree Trimmers and Pruners,2.8,3.0,2.12,2.75,3.12,3.67,3.1,3.49
495,39-1013.00,First-Line Supervisors of Gambling Services Workers,2.94,3.81,2.88,2.94,3.17,3.06,2.72,3.2
496,39-1022.00,First-Line Supervisors of Personal Service Workers,3.27,3.75,3.0,3.12,3.02,3.68,4.15,4.08
497,39-2011.00,Animal Trainers,3.29,3.38,3.12,2.75,3.12,4.21,3.79,3.77
498,39-2021.00,Animal Caretakers,2.59,2.88,2.12,2.25,2.79,3.33,3.17,3.74
499,39-3011.00,Gambling Dealers,2.64,2.88,2.38,2.0,1.85,1.43,3.12,3.38
500,39-3012.00,Gambling and Sports Book Writers and Runners,2.64,2.88,2.5,2.25,2.55,2.5,2.7,3.07
501,39-3021.00,Motion Picture Projectionists,2.61,2.75,2.12,2.25,1.89,2.31,3.05,3.63
502,39-3031.00,"Ushers, Lobby Attendants, and Ticket Takers",2.27,2.62,2.12,2.12,1.83,2.15,2.66,2.44
503,39-3091.00,Amusement and Recreation Attendants,2.29,2.75,2.0,2.12,2.23,2.57,2.73,2.58
504,39-3092.00,Costume Attendants,3.0,2.88,2.25,2.38,2.44,3.3,4.07,3.69
505,39-3093.00,"Locker Room, Coatroom, and Dressing Room Attendants",2.18,2.75,2.0,2.0,1.56,1.67,2.96,2.6
506,39-4011.00,Embalmers,3.0,3.12,3.0,3.0,4.14,3.96,3.67,3.76
507,39-4021.00,Funeral Attendants,2.21,2.75,1.5,2.0,3.74,4.05,2.79,3.0
508,39-4031.00,"Morticians, Undertakers, and Funeral Arrangers",3.19,3.88,3.25,3.25,3.89,4.2,3.73,3.54
509,39-5011.00,Barbers,2.57,2.75,2.5,2.12,2.87,3.46,3.49,3.29
510,39-5012.00,"Hairdressers, Hairstylists, and Cosmetologists",3.07,3.5,3.0,2.88,2.46,4.05,3.93,3.23
511,39-5091.00,"Makeup Artists, Theatrical and Performance",3.36,3.25,3.25,2.75,2.05,4.19,4.22,3.65
512,39-5092.00,Manicurists and Pedicurists,2.27,2.5,2.25,2.0,1.61,2.01,3.04,2.76
513,39-5093.00,Shampooers,2.09,2.12,2.0,1.88,2.04,2.68,3.25,3.23
514,39-5094.00,Skincare Specialists,2.97,3.0,2.88,2.88,2.25,3.17,3.86,3.24
515,39-6011.00,Baggage Porters and Bellhops,2.28,2.75,2.12,2.12,3.15,3.35,2.85,2.87
516,39-6012.00,Concierges,3.05,3.62,2.88,2.62,2.81,3.68,4.14,4.14
517,39-7011.00,Tour Guides and Escorts,2.77,3.12,2.38,2.12,2.35,2.85,3.11,3.1
518,39-7012.00,Travel Guides,3.31,3.5,2.88,3.12,2.78,3.4,4.03,3.34
519,39-9011.00,Childcare Workers,3.02,3.0,3.0,2.88,2.25,3.15,3.74,3.61
520,39-9011.01,Nannies,3.21,3.25,3.0,3.0,1.43,2.99,3.52,3.65
521,39-9031.00,Exercise Trainers and Group Fitness Instructors,3.07,3.12,2.88,2.75,2.42,3.67,3.71,3.14
522,39-9032.00,Recreation Workers,3.14,3.62,3.12,3.0,3.7,4.5,3.95,3.92
523,39-9041.00,Residential Advisors,3.09,4.0,3.0,3.0,3.19,3.72,3.56,3.65
524,41-1011.00,First-Line Supervisors of Retail Sales Workers,3.23,3.88,3.38,3.5,3.32,3.45,4.1,4.09
525,41-1012.00,First-Line Supervisors of Non-Retail Sales Workers,3.45,3.88,3.62,3.62,4.42,4.68,2.88,3.63
526,41-2011.00,Cashiers,2.63,2.62,2.25,2.12,2.5,2.54,3.47,3.48
527,41-2012.00,Gambling Change Persons and Booth Cashiers,2.68,2.88,2.12,2.25,3.44,2.98,2.31,3.74
528,41-2021.00,Counter and Rental Clerks,2.64,2.88,2.25,2.38,2.77,2.73,3.0,3.2
529,41-2022.00,Parts Salespersons,2.97,3.12,3.0,3.0,3.62,3.86,3.07,3.59
530,41-2031.00,Retail Salespersons,2.91,3.12,2.88,2.5,2.64,2.83,3.07,3.16
531,41-3011.00,Advertising Sales Agents,3.41,3.75,3.62,3.12,3.38,4.41,3.78,3.63
532,41-3021.00,Insurance Sales Agents,3.23,3.88,3.38,3.12,3.63,3.79,3.0,3.96
533,41-3031.00,"Securities, Commodities, and Financial Services Sales Agents",3.6,4.19,3.69,3.31,4.43,4.13,3.43,4.17
534,41-3041.00,Travel Agents,3.16,3.75,3.12,2.88,3.56,3.65,2.35,3.26
535,41-4011.00,"Sales Representatives, Wholesale and Manufacturing, Technical and Scientific Products",3.46,3.75,3.75,3.12,2.79,3.33,3.79,3.62
536,41-4011.07,Solar Sales Representatives and Assessors,3.39,3.75,3.38,3.12,3.61,4.11,2.96,3.41
537,41-4012.00,"Sales Representatives, Wholesale and Manufacturing, Except Technical and Scientific Products",3.12,3.75,3.25,3.0,2.5,3.88,4.22,4.34
538,41-9011.00,Demonstrators and Product Promoters,3.0,3.0,3.0,2.38,2.19,2.82,3.15,2.74
539,41-9012.00,Models,2.12,1.88,1.62,1.75,0.91,2.14,2.46,1.77
540,41-9021.00,Real Estate Brokers,3.05,3.88,3.75,2.88,3.61,3.91,3.9,3.69
541,41-9022.00,Real Estate Sales Agents,3.23,4.0,3.25,3.0,3.79,4.53,3.16,3.45
542,41-9031.00,Sales Engineers,3.93,4.0,3.88,3.75,4.54,4.64,3.73,4.26
543,41-9041.00,Telemarketers,2.36,3.38,1.5,2.25,1.95,2.0,2.68,2.92
544,41-9091.00,"Door-to-Door Sales Workers, News and Street Vendors, and Related Workers",2.9,3.12,2.62,2.25,1.66,2.78,2.38,2.42
545,43-1011.00,First-Line Supervisors of Office and Administrative Support Workers,3.3,3.88,3.75,3.25,4.14,4.09,3.62,4.03
546,43-2011.00,"Switchboard Operators, Including Answering Service",2.3,2.75,2.25,2.25,2.89,2.39,2.86,3.21
547,43-2021.00,Telephone Operators,2.52,3.25,2.0,2.62,2.9,3.36,3.4,3.4
548,43-3011.00,Bill and Account Collectors,2.89,3.5,2.75,2.88,2.52,2.88,3.5,4.22
549,43-3021.00,Billing and Posting Clerks,2.77,3.12,2.63,2.56,3.88,2.83,3.34,3.65
550,43-3031.00,"Bookkeeping, Accounting, and Auditing Clerks",2.75,3.25,3.12,2.88,3.31,3.53,3.37,3.53
551,43-3041.00,Gambling Cage Workers,2.71,3.25,2.25,2.0,2.63,2.23,2.54,2.96
552,43-3051.00,Payroll and Timekeeping Clerks,2.7,3.12,2.88,2.88,4.17,3.43,3.37,3.74
553,43-3061.00,Procurement Clerks,2.91,3.62,3.5,3.0,3.23,3.36,3.89,3.56
554,43-3071.00,Tellers,2.89,3.25,3.0,2.88,4.11,3.47,3.36,3.83
555,43-4011.00,Brokerage Clerks,2.96,3.62,3.0,2.88,3.29,2.69,3.37,4.39
556,43-4021.00,Correspondence Clerks,3.05,3.75,2.75,2.88,2.99,3.39,3.62,3.81
557,43-4031.00,"Court, Municipal, and License Clerks",2.62,3.45,3.0,2.71,3.17,3.07,3.07,3.42
558,43-4041.00,"Credit Authorizers, Checkers, and Clerks",2.92,3.5,3.0,3.06,3.24,3.38,3.21,3.49
559,43-4051.00,Customer Service Representatives,2.95,3.25,2.88,3.0,3.44,3.66,3.02,3.61
560,43-4061.00,"Eligibility Interviewers, Government Programs",3.27,3.75,3.0,3.0,3.5,3.39,3.11,3.56
561,43-4071.00,File Clerks,2.95,3.0,2.25,2.25,3.19,3.4,3.27,3.56
562,43-4081.00,"Hotel, Motel, and Resort Desk Clerks",2.91,3.5,2.25,2.75,3.04,3.2,3.26,3.43
563,43-4111.00,"Interviewers, Except Eligibility and Loan",2.89,3.25,3.0,3.12,4.79,4.3,3.47,4.01
564,43-4121.00,"Library Assistants, Clerical",2.64,2.88,2.12,2.12,3.08,3.39,3.37,3.33
565,43-4131.00,Loan Interviewers and Clerks,3.32,4.0,3.5,3.0,4.16,3.91,3.16,3.51
566,43-4141.00,New Accounts Clerks,2.7,3.5,2.62,2.62,2.87,2.78,3.13,3.81
567,43-4151.00,Order Clerks,2.79,3.62,3.0,2.62,4.13,3.87,2.99,3.13
568,43-4161.00,"Human Resources Assistants, Except Payroll and Timekeeping",2.89,3.62,3.12,2.75,4.4,4.25,3.1,3.38
569,43-4171.00,Receptionists and Information Clerks,2.75,3.12,2.38,2.75,3.22,2.96,3.42,3.4
570,43-4181.00,Reservation and Transportation Ticket Agents and Travel Clerks,2.96,3.62,3.0,3.0,3.67,3.09,3.56,3.77
571,43-5011.00,Cargo and Freight Agents,2.84,3.62,2.75,2.88,3.08,3.11,2.98,3.73
572,43-5011.01,Freight Forwarders,3.18,3.38,3.12,3.12,3.97,3.78,3.41,3.74
573,43-5021.00,Couriers and Messengers,2.45,2.62,2.25,2.38,2.72,2.5,2.14,2.69
574,43-5031.00,Public Safety Telecommunicators,3.41,3.88,3.0,3.12,3.57,3.92,3.32,3.9
575,43-5032.00,"Dispatchers, Except Police, Fire, and Ambulance",3.07,3.75,2.88,3.0,2.49,2.85,3.0,4.15
576,43-5041.00,"Meter Readers, Utilities",2.59,2.75,2.12,2.62,2.74,2.85,3.33,3.54
577,43-5051.00,Postal Service Clerks,2.63,3.25,2.0,2.5,3.24,2.85,3.22,3.57
578,43-5052.00,Postal Service Mail Carriers,2.39,2.75,2.0,2.12,1.73,1.78,2.84,3.06
579,43-5053.00,"Postal Service Mail Sorters, Processors, and Processing Machine Operators",2.32,2.62,2.0,2.0,2.07,2.07,2.84,2.9
580,43-5061.00,"Production, Planning, and Expediting Clerks",3.23,3.88,2.88,3.0,3.96,4.01,3.37,3.88
581,43-5071.00,"Shipping, Receiving, and Inventory Clerks",2.71,3.0,2.12,2.25,2.55,3.3,3.23,3.59
582,43-5111.00,"Weighers, Measurers, Checkers, and Samplers, Recordkeeping",2.78,3.0,2.75,2.75,3.89,3.56,3.17,3.62
583,43-6011.00,Executive Secretaries and Executive Administrative Assistants,3.07,3.75,3.12,3.0,3.4,4.41,3.51,3.52
584,43-6012.00,Legal Secretaries and Administrative Assistants,2.84,3.12,2.75,2.62,3.21,3.24,3.07,3.81
585,43-6013.00,Medical Secretaries and Administrative Assistants,2.7,3.0,2.25,2.75,3.39,3.46,2.85,3.46
586,43-6014.00,"Secretaries and Administrative Assistants, Except Legal, Medical, and Executive",2.7,3.62,3.0,2.62,2.85,3.34,3.35,3.42
587,43-9021.00,Data Entry Keyers,2.7,2.88,2.12,2.5,4.25,3.69,4.34,4.59
588,43-9022.00,Word Processors and Typists,2.54,2.5,2.0,2.0,3.0,3.11,3.67,3.33
589,43-9031.00,Desktop Publishers,3.57,3.88,3.0,3.62,2.5,4.17,4.01,3.36
590,43-9041.00,Insurance Claims and Policy Processing Clerks,2.74,3.5,2.62,2.81,3.28,2.99,2.91,3.48
591,43-9051.00,"Mail Clerks and Mail Machine Operators, Except Postal Service",2.59,2.88,2.12,1.88,2.06,1.57,2.93,2.75
592,43-9061.00,"Office Clerks, General",2.64,3.0,2.75,2.25,2.69,2.86,3.0,3.8
593,43-9071.00,"Office Machine Operators, Except Computer",2.55,2.62,2.62,2.5,2.54,2.99,2.71,2.97
594,43-9081.00,Proofreaders and Copy Markers,2.46,3.0,2.38,2.38,2.79,2.46,3.07,2.9
595,43-9111.00,Statistical Assistants,3.48,3.88,3.75,3.38,3.98,4.0,3.2,4.43
596,45-1011.00,"First-Line Supervisors of Farming, Fishing, and Forestry Workers",3.32,3.59,3.31,3.28,3.66,3.95,3.39,3.66
597,45-2011.00,Agricultural Inspectors,3.36,4.0,3.38,3.25,4.03,3.6,3.06,3.77
598,45-2021.00,Animal Breeders,2.68,3.25,2.75,2.88,2.41,2.69,3.14,3.12
599,45-2041.00,"Graders and Sorters, Agricultural Products",1.71,2.25,1.5,1.62,2.76,2.22,1.88,2.32
600,45-2091.00,Agricultural Equipment Operators,2.55,2.75,1.88,2.38,2.29,2.65,3.24,3.06
601,45-2092.00,"Farmworkers and Laborers, Crop, Nursery, and Greenhouse",2.41,2.62,2.31,2.25,1.46,1.82,2.66,2.7
602,45-2093.00,"Farmworkers, Farm, Ranch, and Aquacultural Animals",2.79,3.0,2.38,2.25,3.4,3.44,3.41,3.28
603,45-3031.00,Fishing and Hunting Workers,2.73,2.94,2.19,2.69,2.24,2.99,3.58,3.31
604,45-4011.00,Forest and Conservation Workers,2.89,3.12,2.62,2.75,4.1,4.76,3.38,3.68
605,45-4021.00,Fallers,2.5,3.0,2.0,2.5,1.79,2.21,3.18,3.31
606,45-4022.00,Logging Equipment Operators,2.59,2.75,2.12,2.12,3.34,3.66,3.2,3.27
607,45-4023.00,Log Graders and Scalers,2.89,3.0,2.75,2.75,3.66,3.77,3.31,3.4
608,47-1011.00,First-Line Supervisors of Construction Trades and Extraction Workers,3.21,3.38,3.12,3.25,3.79,4.63,3.72,4.23
609,47-1011.03,Solar Energy Installation Managers,3.41,3.75,3.25,3.5,4.37,4.73,3.68,4.1
610,47-2011.00,Boilermakers,3.0,3.12,3.0,3.12,3.43,4.25,3.53,3.39
611,47-2021.00,Brickmasons and Blockmasons,2.69,3.0,2.12,2.25,3.67,4.31,3.57,3.61
612,47-2022.00,Stonemasons,2.7,3.0,2.62,2.88,2.24,3.22,3.55,3.31
613,47-2031.00,Carpenters,2.98,3.12,2.75,2.69,3.02,3.38,3.62,3.61
614,47-2041.00,Carpet Installers,2.66,2.88,2.12,2.75,2.71,3.29,3.46,3.81
615,47-2042.00,"Floor Layers, Except Carpet, Wood, and Hard Tiles",2.63,2.88,2.5,2.5,3.53,3.79,3.39,3.3
616,47-2043.00,Floor Sanders and Finishers,2.36,2.38,2.25,2.5,2.66,3.72,3.29,3.35
617,47-2044.00,Tile and Stone Setters,2.96,3.12,2.5,2.62,2.96,3.71,3.17,2.8
618,47-2051.00,Cement Masons and Concrete Finishers,2.46,2.38,1.75,2.62,3.57,4.11,2.79,3.21
619,47-2053.00,Terrazzo Workers and Finishers,2.37,2.38,2.12,2.38,2.75,3.56,2.82,3.46
620,47-2061.00,Construction Laborers,2.61,2.62,2.12,2.62,3.3,3.65,2.41,2.37
621,47-2071.00,"Paving, Surfacing, and Tamping Equipment Operators",2.36,2.88,2.12,2.5,3.02,3.02,3.22,3.28
622,47-2072.00,Pile Driver Operators,2.48,3.0,2.0,2.25,3.48,3.74,3.18,3.24
623,47-2073.00,Operating Engineers and Other Construction Equipment Operators,2.75,3.0,2.62,2.62,4.11,4.09,3.93,3.36
624,47-2081.00,Drywall and Ceiling Tile Installers,2.64,2.62,2.0,2.5,2.28,2.5,3.35,3.39
625,47-2082.00,Tapers,2.28,2.38,2.0,2.25,1.77,2.37,3.02,2.82
626,47-2111.00,Electricians,3.45,3.62,3.25,3.12,3.5,3.83,3.59,4.17
627,47-2121.00,Glaziers,2.57,2.88,2.12,2.38,2.98,3.05,3.44,3.35
628,47-2131.00,"Insulation Workers, Floor, Ceiling, and Wall",2.48,2.75,2.12,2.12,2.13,2.73,3.63,3.55
629,47-2132.00,"Insulation Workers, Mechanical",2.75,2.88,2.75,2.62,2.85,3.31,3.98,4.08
630,47-2141.00,"Painters, Construction and Maintenance",2.54,3.0,2.25,2.12,2.76,3.34,3.85,3.65
631,47-2142.00,Paperhangers,2.37,2.38,1.75,2.5,2.12,2.61,3.79,3.69
632,47-2151.00,Pipelayers,2.68,3.0,2.12,2.38,2.95,2.75,3.64,3.66
633,47-2152.00,"Plumbers, Pipefitters, and Steamfitters",3.1,3.37,3.0,3.12,3.0,3.33,3.71,3.62
634,47-2152.04,Solar Thermal Installers and Technicians,3.12,3.5,3.12,3.0,3.66,3.5,4.07,4.4
635,47-2161.00,Plasterers and Stucco Masons,2.61,2.62,2.12,2.25,3.27,3.4,3.27,3.08
636,47-2171.00,Reinforcing Iron and Rebar Workers,2.48,2.88,1.88,2.38,2.46,3.15,3.66,3.86
637,47-2181.00,Roofers,2.73,2.88,2.38,2.75,3.44,3.9,3.77,3.71
638,47-2211.00,Sheet Metal Workers,2.84,3.0,2.38,2.75,3.07,3.56,3.75,3.72
639,47-2221.00,Structural Iron and Steel Workers,2.89,3.12,3.0,2.88,2.81,3.4,3.39,3.44
640,47-2231.00,Solar Photovoltaic Installers,3.03,3.5,3.0,3.12,3.12,3.38,3.22,3.31
641,47-3011.00,"Helpers--Brickmasons, Blockmasons, Stonemasons, and Tile and Marble Setters",2.16,2.38,2.12,2.38,3.04,3.81,3.03,2.56
642,47-3012.00,Helpers--Carpenters,2.61,2.75,2.12,2.12,2.83,3.16,4.1,3.78
643,47-3013.00,Helpers--Electricians,2.61,2.75,2.38,2.38,2.65,3.24,4.26,3.56
644,47-3014.00,"Helpers--Painters, Paperhangers, Plasterers, and Stucco Masons",2.13,2.25,2.0,2.12,2.15,2.45,2.96,2.81
645,47-3015.00,"Helpers--Pipelayers, Plumbers, Pipefitters, and Steamfitters",2.52,2.38,1.88,2.0,3.19,4.13,3.15,3.83
646,47-3016.00,Helpers--Roofers,2.34,2.25,2.12,2.62,3.21,4.11,3.05,3.29
647,47-4011.00,Construction and Building Inspectors,3.5,3.88,3.12,3.12,3.64,3.76,3.09,4.0
648,47-4011.01,Energy Auditors,3.64,3.75,3.25,3.25,3.9,3.79,3.36,4.32
649,47-4021.00,Elevator and Escalator Installers and Repairers,3.07,3.0,3.0,3.12,3.34,4.09,3.93,4.28
650,47-4031.00,Fence Erectors,2.43,2.88,1.88,2.5,2.44,3.19,3.47,3.76
651,47-4041.00,Hazardous Materials Removal Workers,3.32,3.62,3.0,3.0,3.76,3.4,3.64,3.93
652,47-4051.00,Highway Maintenance Workers,2.65,2.75,2.12,2.75,3.47,3.71,2.97,3.17
653,47-4061.00,Rail-Track Laying and Maintenance Equipment Operators,2.66,3.0,2.38,2.38,2.98,3.56,3.49,3.31
654,47-4071.00,Septic Tank Servicers and Sewer Pipe Cleaners,2.7,3.0,2.62,3.0,2.17,2.93,2.99,3.42
655,47-4091.00,Segmental Pavers,2.88,3.0,2.5,2.75,3.0,3.2,3.04,3.17
656,47-4099.03,Weatherization Installers and Technicians,2.98,3.25,2.88,2.38,3.62,3.8,3.35,3.61
657,47-5011.00,"Derrick Operators, Oil and Gas",2.7,3.12,2.62,2.88,2.45,2.68,3.52,3.57
658,47-5012.00,"Rotary Drill Operators, Oil and Gas",3.2,3.25,3.0,3.12,3.96,3.88,3.57,3.97
659,47-5013.00,"Service Unit Operators, Oil and Gas",2.93,3.25,3.0,3.0,4.04,4.48,3.34,3.39
660,47-5022.00,"Excavating and Loading Machine and Dragline Operators, Surface Mining",2.71,3.0,2.88,2.88,3.63,3.88,3.19,2.99
661,47-5023.00,"Earth Drillers, Except Oil and Gas",2.91,3.0,2.25,2.75,3.56,3.7,3.63,3.58
662,47-5032.00,"Explosives Workers, Ordnance Handling Experts, and Blasters",3.54,3.5,3.12,3.25,4.61,4.63,3.42,3.96
663,47-5041.00,Continuous Mining Machine Operators,2.91,3.12,2.5,3.0,3.23,3.59,3.39,3.28
664,47-5043.00,"Roof Bolters, Mining",2.75,3.0,2.88,2.38,3.6,3.31,3.09,3.13
665,47-5044.00,"Loading and Moving Machine Operators, Underground Mining",2.35,2.75,1.75,2.5,2.2,1.78,2.87,2.83
666,47-5051.00,"Rock Splitters, Quarry",2.48,2.62,2.12,2.5,2.6,2.68,3.17,3.13
667,47-5071.00,"Roustabouts, Oil and Gas",2.45,2.38,2.38,2.12,3.02,2.9,2.63,3.06
668,47-5081.00,Helpers--Extraction Workers,2.72,2.88,2.62,2.62,4.22,4.27,3.12,3.02
669,49-1011.00,"First-Line Supervisors of Mechanics, Installers, and Repairers",3.72,3.88,3.75,3.62,3.4,4.35,3.64,3.5
670,49-2011.00,"Computer, Automated Teller, and Office Machine Repairers",3.0,3.12,3.0,3.12,2.52,3.61,3.3,4.29
671,49-2021.00,"Radio, Cellular, and Tower Equipment Installers and Repairers",3.0,3.12,2.75,2.62,3.89,3.8,3.86,4.24
672,49-2022.00,"Telecommunications Equipment Installers and Repairers, Except Line Installers",3.16,3.75,3.0,3.25,2.76,3.58,3.3,4.07
673,49-2091.00,Avionics Technicians,3.45,3.75,3.12,3.5,4.26,4.14,3.67,4.22
674,49-2092.00,"Electric Motor, Power Tool, and Related Repairers",3.14,3.38,3.12,3.0,3.29,3.83,3.62,3.91
675,49-2093.00,"Electrical and Electronics Installers and Repairers, Transportation Equipment",2.87,3.0,2.38,3.0,4.04,3.96,4.07,4.39
676,49-2094.00,"Electrical and Electronics Repairers, Commercial and Industrial Equipment",3.61,3.75,3.0,3.88,3.6,3.69,3.71,4.3
677,49-2095.00,"Electrical and Electronics Repairers, Powerhouse, Substation, and Relay",3.04,3.38,3.0,3.0,3.95,3.9,3.96,4.61
678,49-2096.00,"Electronic Equipment Installers and Repairers, Motor Vehicles",3.11,3.12,2.38,3.0,3.45,4.22,3.68,3.89
679,49-2097.00,Audiovisual Equipment Installers and Repairers,3.02,3.62,3.12,3.25,3.04,3.65,3.47,3.58
680,49-2098.00,Security and Fire Alarm Systems Installers,2.96,3.5,3.0,3.0,3.1,3.29,3.8,3.71
681,49-3011.00,Aircraft Mechanics and Service Technicians,3.61,4.0,3.12,3.88,4.37,4.37,3.48,3.78
682,49-3021.00,Automotive Body and Related Repairers,2.91,3.0,2.25,3.0,3.07,4.05,4.1,4.06
683,49-3022.00,Automotive Glass Installers and Repairers,2.48,2.75,2.38,2.5,2.4,2.77,3.34,2.99
684,49-3023.00,Automotive Service Technicians and Mechanics,3.2,3.25,3.0,3.06,3.8,3.61,3.22,3.72
685,49-3031.00,Bus and Truck Mechanics and Diesel Engine Specialists,3.0,3.25,3.0,3.0,3.34,3.57,3.67,3.99
686,49-3041.00,Farm Equipment Mechanics and Service Technicians,2.94,3.62,3.0,3.0,3.29,3.76,3.76,3.97
687,49-3042.00,"Mobile Heavy Equipment Mechanics, Except Engines",3.37,3.38,3.0,3.25,3.38,3.96,3.81,3.85
688,49-3043.00,Rail Car Repairers,2.78,3.38,2.75,2.62,2.95,3.2,3.63,3.1
689,49-3051.00,Motorboat Mechanics and Service Technicians,2.91,3.12,2.25,2.88,3.2,3.37,3.54,3.81
690,49-3052.00,Motorcycle Mechanics,3.05,3.12,3.12,3.0,3.94,4.42,3.42,4.07
691,49-3053.00,Outdoor Power Equipment and Other Small Engine Mechanics,2.85,3.0,2.75,2.75,2.73,3.07,3.83,3.85
692,49-3091.00,Bicycle Repairers,2.88,3.12,2.5,3.0,2.43,3.52,4.09,4.59
693,49-3092.00,Recreational Vehicle Service Technicians,3.09,3.5,3.12,2.88,3.19,3.48,3.35,3.6
694,49-3093.00,Tire Repairers and Changers,2.43,2.38,2.0,2.25,3.28,3.1,3.6,3.43
695,49-9011.00,Mechanical Door Repairers,2.71,3.0,2.25,2.88,2.73,2.73,3.65,3.5
696,49-9012.00,"Control and Valve Installers and Repairers, Except Mechanical Door",3.07,3.12,3.0,3.0,4.23,4.15,3.41,3.65
697,49-9021.00,"Heating, Air Conditioning, and Refrigeration Mechanics and Installers",3.21,3.5,3.06,3.06,3.84,4.29,3.95,4.31
698,49-9031.00,Home Appliance Repairers,2.86,3.25,2.25,3.0,3.02,3.38,3.0,4.01
699,49-9041.00,Industrial Machinery Mechanics,3.14,3.5,3.12,3.0,3.0,3.65,3.95,4.02
700,49-9043.00,"Maintenance Workers, Machinery",2.75,3.0,2.12,2.88,2.61,3.36,4.0,3.86
701,49-9044.00,Millwrights,3.23,3.12,3.12,3.0,3.65,4.38,3.65,3.91
702,49-9045.00,"Refractory Materials Repairers, Except Brickmasons",2.65,3.0,2.12,2.12,2.71,3.16,2.85,2.77
703,49-9051.00,Electrical Power-Line Installers and Repairers,3.23,3.0,3.0,3.0,2.53,3.08,3.52,3.79
704,49-9052.00,Telecommunications Line Installers and Repairers,2.79,3.12,2.62,3.0,2.85,3.4,3.58,4.16
705,49-9061.00,Camera and Photographic Equipment Repairers,3.04,3.38,3.12,3.12,2.39,3.29,3.5,3.73
706,49-9062.00,Medical Equipment Repairers,3.34,3.62,3.25,3.12,4.25,4.24,3.48,4.2
707,49-9063.00,Musical Instrument Repairers and Tuners,3.03,3.25,3.0,2.88,3.02,3.9,3.41,3.93
708,49-9064.00,Watch and Clock Repairers,2.87,3.0,2.25,2.88,4.04,3.69,3.28,4.12
709,49-9071.00,"Maintenance and Repair Workers, General",3.04,3.12,3.12,3.0,3.51,4.29,3.95,3.79
710,49-9081.00,Wind Turbine Service Technicians,3.28,3.12,3.12,3.0,3.75,3.84,3.13,3.98
711,49-9091.00,"Coin, Vending, and Amusement Machine Servicers and Repairers",2.68,2.88,2.12,2.75,2.54,2.55,3.01,3.33
712,49-9092.00,Commercial Divers,3.3,3.75,3.12,3.12,3.33,3.92,4.05,3.96
713,49-9094.00,Locksmiths and Safe Repairers,2.86,3.12,2.88,2.88,2.97,3.73,3.86,4.19
714,49-9095.00,Manufactured Building and Mobile Home Installers,3.2,3.25,3.0,3.25,4.4,5.33,4.12,3.87
715,49-9096.00,Riggers,2.82,3.0,2.25,3.0,3.65,3.71,3.72,3.45
716,49-9097.00,Signal and Track Switch Repairers,2.98,3.38,3.0,3.0,2.62,3.22,2.83,3.56
717,49-9098.00,"Helpers--Installation, Maintenance, and Repair Workers",2.48,2.75,2.5,2.12,2.63,3.49,3.17,3.5
718,49-9099.01,Geothermal Technicians,3.2,3.12,3.0,2.88,3.43,4.05,3.31,4.4
719,51-1011.00,First-Line Supervisors of Production and Operating Workers,3.53,3.75,3.12,3.62,3.49,3.85,3.81,3.97
720,51-2011.00,"Aircraft Structure, Surfaces, Rigging, and Systems Assemblers",3.09,3.12,3.0,2.88,3.8,3.96,3.36,3.26
721,51-2021.00,"Coil Winders, Tapers, and Finishers",2.32,2.88,1.88,1.88,3.13,3.24,3.46,3.56
722,51-2022.00,Electrical and Electronic Equipment Assemblers,2.8,3.0,2.75,2.5,2.89,3.22,3.03,2.72
723,51-2023.00,Electromechanical Equipment Assemblers,2.86,2.88,2.12,2.12,3.23,3.06,3.21,3.57
724,51-2031.00,Engine and Other Machine Assemblers,2.71,3.0,2.25,2.25,2.72,3.14,3.83,3.75
725,51-2041.00,Structural Metal Fabricators and Fitters,2.41,2.25,1.62,2.25,2.63,2.95,3.43,3.55
726,51-2051.00,Fiberglass Laminators and Fabricators,2.77,2.88,2.75,2.88,2.98,3.36,3.27,3.36
727,51-2061.00,Timing Device Assemblers and Adjusters,2.79,2.88,2.25,2.75,2.61,3.12,3.24,3.15
728,51-2092.00,Team Assemblers,2.73,2.88,2.12,2.62,2.83,2.99,3.54,3.59
729,51-3011.00,Bakers,2.82,3.0,3.0,2.0,1.9,2.58,3.18,3.13
730,51-3021.00,Butchers and Meat Cutters,2.7,3.0,2.12,2.5,3.05,3.12,2.82,2.97
731,51-3022.00,"Meat, Poultry, and Fish Cutters and Trimmers",2.5,2.88,2.25,2.12,3.39,3.15,3.19,3.12
732,51-3023.00,Slaughterers and Meat Packers,1.81,1.88,1.5,1.75,1.9,1.95,3.29,3.21
733,51-3091.00,"Food and Tobacco Roasting, Baking, and Drying Machine Operators and Tenders",2.75,3.0,2.62,2.75,3.07,3.4,3.03,3.04
734,51-3092.00,Food Batchmakers,2.71,2.88,2.12,2.62,3.53,2.96,3.04,3.76
735,51-3093.00,Food Cooking Machine Operators and Tenders,2.59,2.38,2.38,2.38,3.56,2.92,3.05,3.19
736,51-4021.00,"Extruding and Drawing Machine Setters, Operators, and Tenders, Metal and Plastic",2.63,2.75,2.25,2.62,3.25,3.2,3.03,2.94
737,51-4022.00,"Forging Machine Setters, Operators, and Tenders, Metal and Plastic",2.75,2.88,2.12,2.75,2.59,2.92,3.75,3.4
738,51-4023.00,"Rolling Machine Setters, Operators, and Tenders, Metal and Plastic",2.77,3.0,3.0,2.75,3.71,3.64,3.68,3.64
739,51-4031.00,"Cutting, Punching, and Press Machine Setters, Operators, and Tenders, Metal and Plastic",2.68,2.75,2.25,2.62,2.98,3.12,3.57,3.31
740,51-4032.00,"Drilling and Boring Machine Tool Setters, Operators, and Tenders, Metal and Plastic",2.73,3.12,2.38,2.75,3.38,3.38,2.98,3.39
741,51-4033.00,"Grinding, Lapping, Polishing, and Buffing Machine Tool Setters, Operators, and Tenders, Metal and Plastic",2.73,2.88,2.25,2.75,3.07,2.99,3.33,3.14
742,51-4034.00,"Lathe and Turning Machine Tool Setters, Operators, and Tenders, Metal and Plastic",2.55,3.0,2.0,2.5,3.56,3.06,3.35,3.32
743,51-4035.00,"Milling and Planing Machine Setters, Operators, and Tenders, Metal and Plastic",2.75,2.88,2.5,2.5,2.52,2.72,3.07,3.29
744,51-4041.00,Machinists,3.04,3.12,2.88,3.0,3.5,3.79,3.86,3.99
745,51-4051.00,Metal-Refining Furnace Operators and Tenders,2.66,3.0,2.12,2.88,3.24,3.45,3.15,3.83
746,51-4052.00,"Pourers and Casters, Metal",2.66,3.0,2.12,2.12,3.59,3.46,3.03,3.21
747,51-4061.00,"Model Makers, Metal and Plastic",2.91,3.0,2.88,2.75,2.5,2.57,4.36,4.35
748,51-4062.00,"Patternmakers, Metal and Plastic",2.91,3.0,2.25,2.75,3.23,3.87,3.25,3.35
749,51-4071.00,Foundry Mold and Coremakers,2.09,2.5,1.75,2.0,2.66,2.6,3.07,3.32
750,51-4072.00,"Molding, Coremaking, and Casting Machine Setters, Operators, and Tenders, Metal and Plastic",2.73,2.62,2.25,2.25,2.63,2.9,3.3,3.67
751,51-4081.00,"Multiple Machine Tool Setters, Operators, and Tenders, Metal and Plastic",2.84,3.12,2.88,3.0,4.3,4.27,3.57,3.93
752,51-4111.00,Tool and Die Makers,3.18,3.12,3.12,3.0,3.17,3.88,3.99,4.07
753,51-4121.00,"Welders, Cutters, Solderers, and Brazers",2.24,2.69,2.19,2.31,2.42,2.78,3.54,3.39
754,51-4122.00,"Welding, Soldering, and Brazing Machine Setters, Operators, and Tenders",2.61,3.0,2.0,2.5,3.04,3.2,3.07,2.68
755,51-4191.00,"Heat Treating Equipment Setters, Operators, and Tenders, Metal and Plastic",2.77,3.0,2.62,2.62,2.69,2.66,3.22,3.48
756,51-4192.00,"Layout Workers, Metal and Plastic",2.96,3.12,2.62,2.88,3.81,3.95,3.64,3.77
757,51-4193.00,"Plating Machine Setters, Operators, and Tenders, Metal and Plastic",2.79,2.75,2.12,2.25,3.04,3.31,3.45,3.61
758,51-4194.00,"Tool Grinders, Filers, and Sharpeners",2.71,2.88,2.62,2.75,2.63,2.78,3.52,3.82
759,51-5111.00,Prepress Technicians and Workers,3.02,3.0,3.0,2.88,3.02,4.08,3.82,3.64
760,51-5112.00,Printing Press Operators,2.91,3.12,2.88,2.88,3.83,4.3,2.8,3.17
761,51-5113.00,Print Binding and Finishing Workers,2.84,3.0,2.38,2.88,3.12,3.09,3.01,3.2
762,51-6011.00,Laundry and Dry-Cleaning Workers,2.41,2.5,2.12,2.25,1.92,2.14,2.9,2.9
763,51-6021.00,"Pressers, Textile, Garment, and Related Materials",1.91,2.25,1.5,1.75,2.45,2.81,4.12,3.74
764,51-6031.00,Sewing Machine Operators,2.25,2.12,1.88,2.12,2.07,2.44,3.01,2.58
765,51-6041.00,Shoe and Leather Workers and Repairers,2.06,2.62,1.75,2.0,1.52,1.93,3.37,2.63
766,51-6042.00,Shoe Machine Operators and Tenders,2.54,2.38,1.75,2.5,2.77,2.61,3.36,3.19
767,51-6051.00,"Sewers, Hand",2.56,2.38,2.12,2.38,2.81,3.87,4.0,3.41
768,51-6052.00,"Tailors, Dressmakers, and Custom Sewers",2.95,3.0,2.62,2.62,2.69,3.58,3.56,3.25
769,51-6061.00,Textile Bleaching and Dyeing Machine Operators and Tenders,2.74,2.62,2.0,2.25,3.36,3.29,2.79,3.03
770,51-6062.00,"Textile Cutting Machine Setters, Operators, and Tenders",2.66,2.75,2.0,2.62,2.29,2.26,3.36,3.52
771,51-6063.00,"Textile Knitting and Weaving Machine Setters, Operators, and Tenders",2.29,2.5,1.5,2.0,2.14,1.84,3.05,3.02
772,51-6064.00,"Textile Winding, Twisting, and Drawing Out Machine Setters, Operators, and Tenders",2.54,3.0,2.12,2.0,2.76,2.33,3.03,3.02
773,51-6091.00,"Extruding and Forming Machine Setters, Operators, and Tenders, Synthetic and Glass Fibers",2.8,3.0,2.62,2.75,3.6,3.18,2.62,2.99
774,51-6092.00,Fabric and Apparel Patternmakers,3.61,3.38,3.0,3.0,3.19,3.71,4.14,4.06
775,51-6093.00,Upholsterers,2.98,3.12,2.88,3.0,3.07,3.79,3.45,3.15
776,51-7011.00,Cabinetmakers and Bench Carpenters,2.91,3.0,2.75,2.75,3.66,3.45,2.93,3.42
777,51-7021.00,Furniture Finishers,2.98,3.12,2.75,2.75,3.23,3.37,3.76,3.56
778,51-7031.00,"Model Makers, Wood",3.0,3.12,2.62,3.0,3.93,4.37,3.99,3.9
779,51-7032.00,"Patternmakers, Wood",2.86,3.12,2.5,3.0,3.23,4.12,3.69,3.68
780,51-7041.00,"Sawing Machine Setters, Operators, and Tenders, Wood",2.5,2.75,2.0,2.25,2.09,2.22,3.5,3.21
781,51-7042.00,"Woodworking Machine Setters, Operators, and Tenders, Except Sawing",2.61,2.88,2.12,2.5,2.61,2.27,3.44,3.48
782,51-8011.00,Nuclear Power Reactor Operators,3.59,4.0,3.12,3.25,4.57,3.99,2.6,4.14
783,51-8012.00,Power Distributors and Dispatchers,3.43,3.75,3.0,3.12,4.08,4.5,3.27,4.0
784,51-8013.00,Power Plant Operators,3.18,3.62,3.0,3.0,3.67,3.44,3.11,3.46
785,51-8013.03,Biomass Plant Technicians,2.84,3.12,3.0,3.0,3.83,3.62,2.82,3.42
786,51-8013.04,Hydroelectric Plant Technicians,3.36,3.25,3.12,3.12,3.88,4.38,3.74,3.94
787,51-8021.00,Stationary Engineers and Boiler Operators,2.8,3.12,2.62,3.0,4.07,4.53,3.38,3.71
788,51-8031.00,Water and Wastewater Treatment Plant and System Operators,3.2,3.25,3.12,3.0,4.63,4.21,3.11,3.48
789,51-8091.00,Chemical Plant and System Operators,3.14,3.75,3.0,3.12,2.94,2.19,2.7,3.7
790,51-8092.00,Gas Plant Operators,3.13,3.38,3.12,3.12,2.95,3.35,3.7,4.28
791,51-8093.00,"Petroleum Pump System Operators, Refinery Operators, and Gaugers",3.36,3.75,3.25,3.25,4.25,3.86,3.37,3.41
792,51-8099.01,Biofuels Processing Technicians,3.16,3.12,2.75,3.0,3.86,3.34,3.12,3.65
793,51-9011.00,Chemical Equipment Operators and Tenders,3.16,3.12,2.88,2.88,3.65,3.52,3.23,3.76
794,51-9012.00,"Separating, Filtering, Clarifying, Precipitating, and Still Machine Setters, Operators, and Tenders",2.8,3.0,2.88,2.88,3.3,3.01,3.0,3.42
795,51-9021.00,"Crushing, Grinding, and Polishing Machine Setters, Operators, and Tenders",2.82,3.0,2.88,2.88,3.19,2.75,3.14,3.35
796,51-9022.00,"Grinding and Polishing Workers, Hand",2.64,2.88,2.25,2.5,3.18,3.45,3.05,3.34
797,51-9023.00,"Mixing and Blending Machine Setters, Operators, and Tenders",2.75,2.88,2.88,2.75,2.94,2.38,3.36,3.79
798,51-9031.00,"Cutters and Trimmers, Hand",2.5,2.12,2.0,2.12,2.48,2.37,2.16,2.35
799,51-9032.00,"Cutting and Slicing Machine Setters, Operators, and Tenders",2.7,2.88,2.0,2.75,3.28,2.74,2.78,2.88
800,51-9041.00,"Extruding, Forming, Pressing, and Compacting Machine Setters, Operators, and Tenders",2.68,2.75,2.12,2.75,3.25,2.99,3.55,3.37
801,51-9051.00,"Furnace, Kiln, Oven, Drier, and Kettle Operators and Tenders",2.5,3.0,2.38,2.62,3.18,3.39,3.22,3.01
802,51-9061.00,"Inspectors, Testers, Sorters, Samplers, and Weighers",2.77,3.25,2.38,2.75,4.12,3.51,3.58,4.25
803,51-9071.00,Jewelers and Precious Stone and Metal Workers,3.02,2.94,2.69,2.88,3.02,3.49,4.11,4.12
804,51-9071.06,Gem and Diamond Workers,2.95,3.12,2.62,2.62,2.93,3.11,3.28,3.47
805,51-9081.00,Dental Laboratory Technicians,2.91,3.12,3.0,2.75,3.45,3.89,3.69,3.75
806,51-9082.00,Medical Appliance Technicians,3.21,3.5,3.0,3.0,3.47,3.81,3.85,3.79
807,51-9083.00,Ophthalmic Laboratory Technicians,2.61,2.88,2.5,2.5,2.84,2.8,3.16,3.21
808,51-9111.00,Packaging and Filling Machine Operators and Tenders,2.7,2.25,2.12,2.12,3.51,3.39,3.21,3.03
809,51-9123.00,"Painting, Coating, and Decorating Workers",2.41,2.62,2.0,2.0,2.73,2.68,2.42,2.79
810,51-9124.00,"Coating, Painting, and Spraying Machine Setters, Operators, and Tenders",2.68,2.75,2.12,2.62,3.74,3.56,2.76,3.37
811,51-9141.00,Semiconductor Processing Technicians,2.81,2.88,2.25,2.75,3.52,3.56,3.29,3.17
812,51-9151.00,Photographic Process Workers and Processing Machine Operators,3.0,3.12,2.88,2.75,2.47,3.43,3.69,3.94
813,51-9161.00,Computer Numerically Controlled Tool Operators,3.18,4.0,3.12,3.0,3.47,3.74,3.52,3.85
814,51-9162.00,Computer Numerically Controlled Tool Programmers,3.29,3.5,3.62,3.38,3.79,4.07,3.6,4.07
815,51-9191.00,Adhesive Bonding Machine Operators and Tenders,2.57,2.75,2.38,2.5,2.72,2.72,3.02,2.96
816,51-9192.00,"Cleaning, Washing, and Metal Pickling Equipment Operators and Tenders",2.32,2.12,2.12,2.12,3.22,3.01,3.47,3.6
817,51-9193.00,Cooling and Freezing Equipment Operators and Tenders,2.82,3.25,3.12,3.0,3.07,3.17,3.25,3.34
818,51-9194.00,Etchers and Engravers,2.87,3.12,2.25,2.25,3.12,3.46,3.5,3.72
819,51-9195.00,"Molders, Shapers, and Casters, Except Metal and Plastic",2.55,2.88,2.5,2.88,3.05,2.83,2.87,2.81
820,51-9195.03,"Stone Cutters and Carvers, Manufacturing",2.82,2.88,2.0,2.38,3.45,3.53,3.07,3.38
821,51-9195.04,"Glass Blowers, Molders, Benders, and Finishers",2.91,3.0,2.88,2.75,2.59,2.27,3.32,3.46
822,51-9195.05,"Potters, Manufacturing",3.12,3.12,2.12,2.12,2.52,3.64,4.12,3.88
823,51-9196.00,"Paper Goods Machine Setters, Operators, and Tenders",2.66,2.88,2.25,2.38,2.73,2.99,2.85,3.25
824,51-9197.00,Tire Builders,2.36,2.5,1.75,2.0,3.34,3.23,2.47,2.85
825,51-9198.00,Helpers--Production Workers,2.39,2.25,1.88,2.0,2.79,2.6,2.65,2.82
826,53-1041.00,Aircraft Cargo Handling Supervisors,3.11,3.5,2.88,2.88,3.9,4.13,3.83,3.76
827,53-1042.00,"First-Line Supervisors of Helpers, Laborers, and Material Movers, Hand",3.36,3.75,2.88,3.12,3.05,3.45,3.99,3.87
828,53-1042.01,Recycling Coordinators,2.96,3.5,3.12,2.75,4.23,4.67,4.04,3.85
829,53-1043.00,First-Line Supervisors of Material-Moving Machine and Vehicle Operators,3.28,3.5,3.12,3.5,3.68,4.35,3.42,3.76
830,53-2011.00,"Airline Pilots, Copilots, and Flight Engineers",3.89,4.12,4.12,3.62,4.74,3.91,2.5,4.28
831,53-2012.00,Commercial Pilots,3.73,4.0,4.0,3.62,4.34,4.0,2.98,4.17
832,53-2021.00,Air Traffic Controllers,4.05,4.12,3.75,4.5,4.48,4.69,3.41,4.29
833,53-2022.00,Airfield Operations Specialists,3.52,3.88,3.25,3.25,4.12,4.23,3.08,3.55
834,53-2031.00,Flight Attendants,3.04,3.62,3.0,2.62,3.83,3.23,3.25,3.56
835,53-3011.00,"Ambulance Drivers and Attendants, Except Emergency Medical Technicians",3.09,3.0,3.0,2.75,3.55,3.47,3.29,3.34
836,53-3031.00,Driver/Sales Workers,2.8,3.38,2.12,2.88,2.7,2.38,3.03,2.86
837,53-3032.00,Heavy and Tractor-Trailer Truck Drivers,2.78,3.0,2.25,2.88,3.76,4.0,3.0,3.07
838,53-3033.00,Light Truck Drivers,2.37,2.88,2.12,2.0,2.85,2.55,2.74,2.88
839,53-3052.00,"Bus Drivers, Transit and Intercity",2.21,2.75,2.0,1.62,2.71,3.07,2.94,3.44
840,53-4011.00,Locomotive Engineers,2.8,3.12,3.0,3.0,4.03,3.44,3.26,3.74
841,53-4013.00,"Rail Yard Engineers, Dinkey Operators, and Hostlers",2.89,3.0,2.75,3.12,4.29,4.15,3.32,3.82
842,53-4022.00,"Railroad Brake, Signal, and Switch Operators and Locomotive Firers",2.72,2.75,2.44,2.62,3.5,3.19,3.12,3.51
843,53-4031.00,Railroad Conductors and Yardmasters,3.28,3.62,3.0,3.38,2.76,2.86,2.78,3.58
844,53-4041.00,Subway and Streetcar Operators,2.7,3.25,3.0,2.88,3.24,2.98,2.66,3.17
845,53-5011.00,Sailors and Marine Oilers,2.87,3.0,2.88,2.88,3.16,3.55,2.63,2.69
846,53-5021.00,"Captains, Mates, and Pilots of Water Vessels",3.35,3.63,3.29,3.21,3.87,4.0,3.36,3.74
847,53-5022.00,Motorboat Operators,2.86,3.38,2.75,3.0,2.95,3.21,3.93,3.75
848,53-5031.00,Ship Engineers,3.55,3.75,3.12,3.38,3.17,3.67,3.58,4.22
849,53-6011.00,Bridge and Lock Tenders,2.66,3.0,2.12,2.75,2.27,2.27,2.3,2.9
850,53-6021.00,Parking Attendants,2.36,2.75,1.75,2.12,2.09,1.98,2.35,2.4
851,53-6031.00,Automotive and Watercraft Service Attendants,2.32,2.88,2.0,2.25,3.24,3.3,3.22,4.21
852,53-6041.00,Traffic Technicians,3.36,3.5,3.12,3.62,3.6,3.57,3.6,4.18
853,53-6051.00,Transportation Inspectors,3.13,3.25,2.88,3.0,4.73,4.0,3.54,4.05
854,53-6051.01,Aviation Inspectors,3.57,4.0,3.25,3.62,4.54,4.76,3.15,4.21
855,53-6051.07,"Transportation Vehicle, Equipment and Systems Inspectors, Except Aviation",2.73,2.88,2.0,2.25,2.77,2.38,3.47,3.36
856,53-6061.00,Passenger Attendants,2.68,3.25,2.5,2.38,1.58,1.95,2.74,3.6
857,53-7011.00,Conveyor Operators and Tenders,2.86,2.88,2.62,2.75,3.33,3.32,2.52,2.5
858,53-7021.00,Crane and Tower Operators,2.55,3.0,2.38,2.25,3.42,3.5,2.98,3.33
859,53-7031.00,Dredge Operators,2.38,2.75,2.12,2.5,1.66,2.37,3.09,2.81
860,53-7041.00,Hoist and Winch Operators,2.52,2.62,2.12,2.38,2.93,3.54,3.07,3.26
861,53-7051.00,Industrial Truck and Tractor Operators,2.41,2.25,1.88,2.0,3.34,3.44,2.94,3.35
862,53-7061.00,Cleaners of Vehicles and Equipment,1.82,2.38,1.88,1.62,1.48,1.74,3.58,3.24
863,53-7062.00,"Laborers and Freight, Stock, and Material Movers, Hand",2.36,2.38,2.0,2.25,2.52,2.14,2.43,2.67
864,53-7062.04,Recycling and Reclamation Workers,2.48,2.75,2.25,2.38,2.75,3.14,3.31,2.95
865,53-7063.00,Machine Feeders and Offbearers,2.52,2.62,2.0,2.12,2.34,2.09,2.83,2.81
866,53-7064.00,"Packers and Packagers, Hand",1.77,2.0,1.0,1.75,2.94,3.2,3.36,3.21
867,53-7065.00,Stockers and Order Fillers,2.33,2.62,2.12,2.09,2.27,2.46,2.71,2.72
868,53-7071.00,Gas Compressor and Gas Pumping Station Operators,2.86,3.0,2.38,3.0,4.3,3.91,3.44,4.09
869,53-7072.00,"Pump Operators, Except Wellhead Pumpers",2.8,3.12,2.88,2.88,3.94,4.18,2.46,3.09
870,53-7073.00,Wellhead Pumpers,2.7,3.0,2.12,2.88,3.74,3.6,3.49,3.71
871,53-7081.00,Refuse and Recyclable Material Collectors,2.3,3.0,2.0,2.12,2.17,2.52,3.56,3.37
872,53-7121.00,"Tank Car, Truck, and Ship Loaders",2.68,2.88,2.75,2.88,4.25,4.01,3.22,3.53
